"PointID","x","y","Adjoint_Density","Adjoint_Momentum_x","Adjoint_Momentum_y","Adjoint_Energy","Sensitivity_x","Sensitivity_y","Surface_Sensitivity"
0, 9.997500181200000e-01, -3.632896519016437e-05, 4.302484714467697e+05, -1.180282937732798e+03, 2.263388033468979e+03, 4.751941450273233e-01, 0.000000000000000e+00, 0.000000000000000e+00, -1.822274950451254e+02
1, 9.990000128750000e-01, -1.452537504052920e-04, 5.502173254037834e+05, -9.536481204491032e+02, 1.202541029138346e+03, 4.243427979824279e-01, 0.000000000000000e+00, 0.000000000000000e+00, -1.617126745757001e+02
2, 9.977599978450000e-01, -3.251111630156300e-04, 9.568637680974549e+05, -1.342695630383810e+03, 6.208945478205177e+02, 7.040159521554552e-01, 0.000000000000000e+00, 0.000000000000000e+00, -1.227125459205760e+02
3, 9.960200190539999e-01, -5.769983605901485e-04, 8.743711746399147e+05, -9.103253978949155e+02, -2.014045355318782e+03, 8.910421996391512e-01, 0.000000000000000e+00, 0.000000000000000e+00, -1.663432391882692e+02
4, 9.937800168990000e-01, -9.004365425509819e-04, 8.295675010467991e+05, -8.994684172498537e+02, -2.179721978008648e+03, 1.105821507889592e+00, 0.000000000000000e+00, 0.000000000000000e+00, -9.482815579870767e+01
5, 9.910500049590000e-01, -1.293363843462116e-03, 8.091297336554000e+05, -7.444477025348867e+02, -1.545790601950855e+03, 8.950528165139072e-01, 0.000000000000000e+00, 0.000000000000000e+00, -6.362684609379049e+01
6, 9.878399968150000e-01, -1.753609743384430e-03, 7.927521346822768e+05, -8.741027098355082e+02, -1.826302869435161e+03, 1.174635994516341e+00, 0.000000000000000e+00, 0.000000000000000e+00, 2.068989150664952e+02
7, 9.841300249100000e-01, -2.283176811071472e-03, 8.161886318000105e+05, -8.185894703467272e+02, -7.200375783598565e+02, 4.502576050036422e-01, 0.000000000000000e+00, 0.000000000000000e+00, 2.612435418666881e+02
8, 9.799500107769999e-01, -2.876826092032643e-03, 3.124159991162422e+05, -5.872045740743391e+02, -4.526064078134237e+02, 4.939636355344635e-01, 0.000000000000000e+00, 0.000000000000000e+00, 2.739126255430099e+01
9, 9.752799868580000e-01, -3.536324145770189e-03, 2.922648354594499e+05, -5.816107055621222e+02, -1.701341063225235e+02, 4.347434514168416e-01, 0.000000000000000e+00, 0.000000000000000e+00, -4.197905105589837e+01
10, 9.701499938960000e-01, -4.256268552403566e-03, 6.360662850211023e+05, -1.018182172904103e+03, -9.590045261010684e+02, 8.507210735379818e-01, 0.000000000000000e+00, 0.000000000000000e+00, 5.085578328012683e+02
11, 9.645400047300000e-01, -5.038225493362627e-03, -9.816186435601958e+05, 2.540841011933235e+03, 2.147778287188039e+03, -2.882920267686902e+00, 0.000000000000000e+00, 0.000000000000000e+00, 2.945311092926195e+02
12, 9.584699869160000e-01, -5.878077433056352e-03, -9.120743766786508e+05, 7.442328680747157e+02, 2.689192507192313e+02, -3.618947693335710e-01, 0.000000000000000e+00, 0.000000000000000e+00, -4.309267177648415e+02
13, 9.519400000570000e-01, -6.774428848839826e-03, -5.568230115403098e+05, 9.261383661726184e+02, 1.962480557784573e+03, -1.057338253938525e+00, 0.000000000000000e+00, 0.000000000000000e+00, 4.013378853666466e+02
14, 9.449599981310000e-01, -7.724467125531491e-03, -9.921153572224311e+05, 2.159476873935205e+03, 2.373603540864454e+03, -2.364179106515449e+00, 0.000000000000000e+00, 0.000000000000000e+00, 5.832200219076419e+02
15, 9.375399947170000e-01, -8.725349486403867e-03, -7.154364595357594e+05, 3.020585312205801e+03, -1.085831325706602e+03, -3.181376210619325e+00, 0.000000000000000e+00, 0.000000000000000e+00, 5.120851520841946e+00
16, 9.296900033950000e-01, -9.774221272349531e-03, -7.742950027474177e+05, 1.426001169874763e+03, 5.779461631214217e+02, -1.348789370945718e+00, 0.000000000000000e+00, 0.000000000000000e+00, -4.555275412773901e+02
17, 9.214000105860000e-01, -1.087086069705918e-02, -6.161363515925466e+05, 9.825616999690783e+02, -1.489324599317503e+03, -6.040941010838736e-01, 0.000000000000000e+00, 0.000000000000000e+00, -1.415429448805323e+02
18, 9.126999974250000e-01, -1.200973104171110e-02, -3.894605729472057e+05, 1.223967694822518e+03, -1.202941238095422e+03, -1.076913459594802e+00, 0.000000000000000e+00, 0.000000000000000e+00, -3.574449325947544e+02
19, 9.035800099370001e-01, -1.319055953446835e-02, -2.686971803838139e+05, 7.868979566416601e+01, -5.888550473300876e+03, 8.582487429989811e-01, 0.000000000000000e+00, 0.000000000000000e+00, -1.022915307114452e+03
20, 8.940600156780000e-01, -1.440916392228702e-02, -2.775457213447026e+05, -1.736689590161964e+03, -2.034411211437247e+03, 2.709625113396258e+00, 0.000000000000000e+00, 0.000000000000000e+00, -1.091957635361467e+03
21, 8.841500282290000e-01, -1.566269158090452e-02, -7.006052348220954e+04, -5.470361109523601e+03, -1.220560934561557e+04, 8.370799338824792e+00, 0.000000000000000e+00, 0.000000000000000e+00, -2.994056290450132e+02
22, 8.738499879840000e-01, -1.694956337677533e-02, -6.730136718328136e+05, -3.501539881055401e+03, -1.718858956427121e+03, 4.999449479083081e+00, 0.000000000000000e+00, 0.000000000000000e+00, 5.221489255364482e+03
23, 8.631799817090000e-01, -1.826569132102762e-02, 2.866858240561150e+05, 1.464557024231742e+04, 3.126792937799656e+04, -2.247931392378336e+01, 0.000000000000000e+00, 0.000000000000000e+00, 6.191419400233361e+03
24, 8.521599769590000e-01, -1.960709133914372e-02, 3.838372601840787e+05, 1.387586464998071e+04, 9.447720677895886e+03, -1.908156667652962e+01, 0.000000000000000e+00, 0.000000000000000e+00, 7.332097336042198e+02
25, 8.407700061800000e-01, -2.097463226217677e-02, 9.773296104874043e+04, 2.234587344338491e+04, 7.610517319280125e+03, -2.959118456746581e+01, 0.000000000000000e+00, 0.000000000000000e+00, 4.309411949979887e+03
26, 8.290500044819999e-01, -2.236196298315981e-02, 9.230986849378701e+04, 2.895697046906570e+04, 1.991306560407083e+04, -3.963716734965196e+01, 0.000000000000000e+00, 0.000000000000000e+00, 3.037025199320661e+03
27, 8.170099854470000e-01, -2.376642068849115e-02, 2.604899058405290e+05, 3.506359057376040e+04, 2.136352417558314e+04, -4.824481133667878e+01, 0.000000000000000e+00, 0.000000000000000e+00, 1.175667983495664e+03
28, 8.046399950980000e-01, -2.518763605296113e-02, 7.001432623813848e+04, 3.028794817335413e+04, 2.107464967632470e+04, -4.130045165174615e+01, 0.000000000000000e+00, 0.000000000000000e+00, -3.770121012302928e+02
29, 7.919700145720000e-01, -2.662062628442961e-02, 5.050921881140093e+04, 3.823161727359786e+04, 3.054380884626152e+04, -5.218560388577012e+01, 0.000000000000000e+00, 0.000000000000000e+00, 1.859629886713604e+03
30, 7.790099978450000e-01, -2.806276676215449e-02, 1.835196022255246e+05, 3.967291326761457e+04, 1.810301956571608e+04, -5.371903797788273e+01, 0.000000000000000e+00, 0.000000000000000e+00, -6.483464738189840e+03
31, 7.657799720760000e-01, -2.951033727360171e-02, -5.545102778605239e+05, 1.843279620729882e+04, -5.291891434128065e+04, -1.598482507763709e+01, 0.000000000000000e+00, 0.000000000000000e+00, -4.358950437964604e+03
32, 7.522799968720000e-01, -3.096181144522562e-02, 4.060708135130592e+05, 2.148479145508806e+04, -4.483598897273697e+04, -2.155646559935730e+01, 0.000000000000000e+00, 0.000000000000000e+00, 1.693239653583496e+03
33, 7.385200262070000e-01, -3.241453277608040e-02, -2.417505384291190e+05, 2.704056591438720e+04, -3.703752165394944e+04, -2.905316122838762e+01, 0.000000000000000e+00, 0.000000000000000e+00, -9.834386618015916e+02
34, 7.245299816130000e-01, -3.386376679305321e-02, -6.770948981251729e+05, 1.741383074726419e+04, -2.543802900094014e+04, -1.755332988644055e+01, 0.000000000000000e+00, 0.000000000000000e+00, -1.954839041000824e+03
35, 7.103199958800001e-01, -3.530689307158652e-02, 8.520887302960900e+05, 1.903043651654803e+04, -4.635900766345586e+04, -1.877976664164779e+01, 0.000000000000000e+00, 0.000000000000000e+00, -5.354835673950039e+03
36, 6.958900094030001e-01, -3.674225211597043e-02, 2.003158377217485e+05, 8.434699030520109e+03, -6.021745669152886e+04, -2.421333204240122e+00, 0.000000000000000e+00, 0.000000000000000e+00, -1.110668802233112e+04
37, 6.812700033190000e-01, -3.816515293304169e-02, -3.269537175088817e+05, -7.684483125719817e+03, -8.569176063534773e+04, 2.282179220514340e+01, 0.000000000000000e+00, 0.000000000000000e+00, -3.720622076590415e+03
38, 6.664699912070000e-01, -3.957289370556494e-02, -4.728496739523411e+05, -1.046802521367373e+04, -8.930960663152864e+04, 2.732284897034191e+01, 0.000000000000000e+00, 0.000000000000000e+00, 7.517800355512828e+04
39, 6.514999866490000e-01, -4.096270419333766e-02, 6.698020226884225e+05, 1.405693678897251e+05, 2.932568151808964e+05, -2.265738925497558e+02, 0.000000000000000e+00, 0.000000000000000e+00, 4.706602511079409e+04
40, 6.363800168040000e-01, -4.233084266562091e-02, 8.136441661324188e+05, 1.178967314574055e+05, 2.341420334689444e+05, -1.887597711004683e+02, 0.000000000000000e+00, 0.000000000000000e+00, 2.767767382424121e+03
41, 6.211299896240000e-01, -4.367359094194759e-02, 7.796684916013571e+05, 1.412229193357763e+05, 3.327441584866500e+05, -2.316615743429005e+02, 0.000000000000000e+00, 0.000000000000000e+00, 1.255327535709468e+04
42, 6.057599782940000e-01, -4.498807223669178e-02, 7.823967462322444e+05, 1.511027433582950e+05, 3.509414145124049e+05, -2.475981784923859e+02, 0.000000000000000e+00, 0.000000000000000e+00, 3.255071257433687e+03
43, 5.902799963950000e-01, -4.627132533375768e-02, 4.830267947208904e+05, 1.336755645630101e+05, 5.624729079607455e+05, -2.455061552603125e+02, 0.000000000000000e+00, 0.000000000000000e+00, -1.186793869639155e+03
44, 5.747100114820000e-01, -4.751950934859488e-02, 5.088921723174806e+05, 1.323674678938780e+05, 4.427306608649993e+05, -2.306236136820246e+02, 0.000000000000000e+00, 0.000000000000000e+00, 2.461910495964543e+03
45, 5.590599775310000e-01, -4.872955796694115e-02, 5.821350636118412e+05, 1.420638657474212e+05, 4.603637195999457e+05, -2.461087990009999e+02, 0.000000000000000e+00, 0.000000000000000e+00, 1.735046476884372e+03
46, 5.433599948880000e-01, -4.989683951066199e-02, 6.261499733511866e+05, 1.377186000663502e+05, 4.453563320692039e+05, -2.389963061872539e+02, 0.000000000000000e+00, 0.000000000000000e+00, -8.602862433547307e+04
47, 5.276100039480000e-01, -5.101897737545535e-02, -4.988504707973057e+05, 4.854019739468515e+03, -2.599123168649797e+04, -3.259051942081937e+00, 0.000000000000000e+00, 0.000000000000000e+00, -5.738884975407804e+04
48, 5.118399858470000e-01, -5.209138375948307e-02, -7.255032160603045e+05, 1.126152671825750e+03, -1.424658208925547e+04, 1.303559699739791e+00, 0.000000000000000e+00, 0.000000000000000e+00, -7.747943153257756e+02
49, 4.960500001910000e-01, -5.311153541819326e-02, -8.633214944606216e+05, 6.531627387439351e+02, 6.177509640834475e+03, -6.412449365812107e-01, 0.000000000000000e+00, 0.000000000000000e+00, 3.281718646616508e+02
50, 4.802699983120000e-01, -5.407492053959814e-02, -8.850968773708116e+05, 2.121527115831746e+03, -1.566682078792979e+04, 1.490163611020230e-01, 0.000000000000000e+00, 0.000000000000000e+00, -1.401193009575481e+02
51, 4.645099937920000e-01, -5.497835513414191e-02, -1.310283732159317e+05, 3.126451246295334e+03, -2.428974879264416e+04, -1.485585812386776e+00, 0.000000000000000e+00, 0.000000000000000e+00, 1.313197671743292e+02
52, 4.487800002100000e-01, -5.581859897363720e-02, 6.329764733385408e+05, 2.042146749106696e+03, -2.338371576347451e+04, -7.998318460675840e-01, 0.000000000000000e+00, 0.000000000000000e+00, -1.377045331946195e+02
53, 4.331099987030000e-01, -5.659141825851464e-02, 6.320063336506635e+05, 1.448716146995916e+03, -2.279653365305587e+04, 8.421861463566271e-03, 0.000000000000000e+00, 0.000000000000000e+00, -3.730306430268200e+02
54, 4.174999892710000e-01, -5.729416860686566e-02, 3.387687499733203e+05, 1.598102652735801e+03, -2.258901582895139e+04, 1.136145500839403e-01, 0.000000000000000e+00, 0.000000000000000e+00, 4.660746166872087e+02
55, 4.019699990750000e-01, -5.792324246601335e-02, -2.580465359953088e+05, -9.592702715653948e+01, 1.688827236709755e+03, 1.922783876664254e-01, 0.000000000000000e+00, 0.000000000000000e+00, 4.927646410806881e+02
56, 3.865399956700000e-01, -5.847520956655861e-02, -2.385143108244108e+05, -6.757876117568667e+01, 1.650529040187626e+03, 1.288182264131159e-01, 0.000000000000000e+00, 0.000000000000000e+00, 1.433947471997777e+02
57, 3.712300062180000e-01, -5.894684318665333e-02, -6.064773570108537e+05, 3.960241815243598e+02, 1.609566879103391e+03, -1.173551025358650e-01, 0.000000000000000e+00, 0.000000000000000e+00, 1.065054262516750e+02
58, 3.560400009160000e-01, -5.933561549045978e-02, -5.944945266640158e+05, 4.126866329756855e+02, 1.585299162981100e+03, -1.557638747748715e-01, 0.000000000000000e+00, 0.000000000000000e+00, 2.807971868059330e+03
59, 3.409900069240000e-01, -5.963847719943702e-02, -9.972743151150198e+05, 3.306366360064609e+03, 2.268151316811583e+04, -5.172258089062312e+00, 0.000000000000000e+00, 0.000000000000000e+00, 1.878836734388127e+03
60, 3.261100053790000e-01, -5.985254444802346e-02, -9.877389672942146e+05, 3.313997542232999e+03, 2.266971584243141e+04, -5.195006578711242e+00, 0.000000000000000e+00, 0.000000000000000e+00, 5.841769945943833e+00
61, 3.113999962810000e-01, -5.997565198183213e-02, -8.791588675866928e+04, 2.583556414429538e+03, 2.172356021507947e+04, -5.005341455471971e+00, 0.000000000000000e+00, 0.000000000000000e+00, 6.544365466231301e+01
62, 2.968699932100000e-01, -6.000550062925582e-02, -8.791588675866928e+04, 2.583556414429538e+03, 2.172356021507947e+04, -5.005341455471971e+00, 0.000000000000000e+00, 0.000000000000000e+00, -1.823472909262913e+04
63, 2.825500071050000e-01, -5.994005483718394e-02, -1.446634835860726e+05, -4.428750808527484e+03, -1.102708309155668e+05, 1.613064256228695e+01, 0.000000000000000e+00, 0.000000000000000e+00, -1.292438828039855e+04
64, 2.684499919410000e-01, -5.977765596976551e-02, -1.446634835860726e+05, -4.428750808527484e+03, -1.102708309155668e+05, 1.613064256228695e+01, 0.000000000000000e+00, 0.000000000000000e+00, -8.024215618640351e+03
65, 2.545700073240000e-01, -5.951657836311273e-02, 7.318134965276700e+05, -7.718429623990130e+03, -1.881602540696051e+05, 2.485650314064866e+01, 0.000000000000000e+00, 0.000000000000000e+00, -7.149857109072243e+03
66, 2.409400045870000e-01, -5.915585896897953e-02, 6.862825957362459e+05, -7.662828657299825e+03, -1.881908394888220e+05, 2.483008109243659e+01, 0.000000000000000e+00, 0.000000000000000e+00, 4.026616162042790e+03
67, 2.275699973110000e-01, -5.869456802648413e-02, 6.952506346613724e+05, -1.229496554192789e+04, -1.309194341196670e+05, 3.073790204367489e+01, 0.000000000000000e+00, 0.000000000000000e+00, -9.186827940754900e+03
68, 2.144699990750000e-01, -5.813197420944613e-02, 7.624836939337298e+05, -1.234261578985374e+04, -1.308131244193585e+05, 3.072422969056461e+01, 0.000000000000000e+00, 0.000000000000000e+00, 4.262368920909732e+03
69, 2.016600072380000e-01, -5.746811193675738e-02, 2.288451076322948e+05, -7.654351112550140e+03, -9.591783389071986e+04, 2.121551616995101e+01, 0.000000000000000e+00, 0.000000000000000e+00, 4.037985579044104e+03
70, 1.891400069000000e-01, -5.670228146432130e-02, 2.961763660180441e+05, -7.702011554775746e+03, -9.580868227855337e+04, 2.120803237639061e+01, 0.000000000000000e+00, 0.000000000000000e+00, 5.253445574402042e+04
71, 1.769299954180000e-01, -5.583513598033686e-02, 3.834372940958717e+05, 1.336433137265805e+03, 4.963453490689026e+03, -4.440602929922632e+00, 0.000000000000000e+00, 0.000000000000000e+00, 6.323590699629216e+04
72, 1.650400012730000e-01, -5.486709202536137e-02, -8.312822407576290e+05, 2.840735716825542e+04, 3.691624595300423e+05, -5.291795509883920e+01, 0.000000000000000e+00, 0.000000000000000e+00, 1.906914549448798e+04
73, 1.534900069240000e-01, -5.379977779145956e-02, -5.804328166592927e+05, 2.402535448944301e+04, 3.353490157789317e+05, -4.160043271593965e+01, 0.000000000000000e+00, 0.000000000000000e+00, -5.011132990420077e+03
74, 1.422899961470000e-01, -5.263443049277360e-02, -5.802944519082049e+05, 2.402538237543721e+04, 3.353491998432727e+05, -4.160060129041486e+01, 0.000000000000000e+00, 0.000000000000000e+00, -1.250423731942754e+04
75, 1.314399987460000e-01, -5.137133628795417e-02, 2.087943397085007e+05, 2.682883044225610e+03, 7.803928750723583e+04, -7.667876910477870e+00, 0.000000000000000e+00, 0.000000000000000e+00, -2.668096744385022e+04
76, 1.209499984980000e-01, -5.001187382363489e-02, 3.020205361257123e+05, 6.212239075399243e+03, 1.005172122609165e+05, -1.318151998455469e+01, 0.000000000000000e+00, 0.000000000000000e+00, 5.742387120961965e+04
77, 1.108499988910000e-01, -4.856066993422563e-02, -7.257698871399529e+05, 2.678499273773646e+04, 3.893466721272089e+05, -4.931266219407897e+01, 0.000000000000000e+00, 0.000000000000000e+00, -2.016993225513145e+04
78, 1.011300012470000e-01, -4.701715290498424e-02, 4.720851550772564e+05, 6.195647594132621e+03, 1.315155443695696e+05, -1.418791855735999e+01, 0.000000000000000e+00, 0.000000000000000e+00, -4.570717154228030e+04
79, 9.181000292300000e-02, -4.538527151431038e-02, 4.211499369553046e+05, 3.403091412116853e+03, 2.170994631100653e+04, -5.591568306417939e+00, 0.000000000000000e+00, 0.000000000000000e+00, -3.900188232312576e+04
80, 8.290000259900000e-02, -4.366791468532204e-02, 4.115374597835564e+05, 3.411048040678579e+03, 2.171931332561267e+04, -5.584767174922290e+00, 0.000000000000000e+00, 0.000000000000000e+00, 2.715021098929957e+04
81, 7.440000027400000e-02, -4.186607976498817e-02, -9.274287290215329e+05, -7.427877436425226e+03, -5.765449779063849e+04, -2.053329832659825e+01, 0.000000000000000e+00, 0.000000000000000e+00, 4.734337044964170e+02
82, 6.633000075800000e-02, -3.998513962421356e-02, 8.458140603499587e+05, 2.989233372528857e+03, 1.241930204712527e+04, -2.167994114311129e+01, 0.000000000000000e+00, 0.000000000000000e+00, -1.850013679776616e+04
83, 5.869000032500000e-02, -3.802635805630503e-02, 4.290868690995587e+05, 2.798830051472608e+03, 1.936164989869401e+04, -3.175933473707722e+00, 0.000000000000000e+00, 0.000000000000000e+00, -1.529067592694495e+04
84, 5.149000138000000e-02, -3.599337852580232e-02, 4.809993088951103e+05, 6.062491231624963e+03, 1.444479870862301e+04, -1.266533620983743e+01, 0.000000000000000e+00, 0.000000000000000e+00, 2.264511513074335e+04
85, 4.473999887700000e-02, -3.389028465845557e-02, 8.522636954372599e+05, 1.269542385976138e+02, 9.326929081845856e+03, -1.386794176815908e+01, 0.000000000000000e+00, 0.000000000000000e+00, 2.023178478899457e+04
86, 3.844000026600000e-02, -3.171811260404538e-02, 8.610593431551674e+05, -1.836917235956675e+03, 2.739303803339506e+04, -2.206247899356363e+01, 0.000000000000000e+00, 0.000000000000000e+00, -3.420345056827807e+05
87, 3.260000050100000e-02, -2.948109446637338e-02, 6.420029135535207e+05, -1.860983028665092e+05, -3.743215039836919e+05, 2.630446861750884e+02, 0.000000000000000e+00, 0.000000000000000e+00, 2.305303475486787e+04
88, 2.723000012300000e-02, -2.718419978786347e-02, 7.793666768836112e+05, 2.161657797122568e+04, 6.748748266707709e+04, 1.586672980385636e+01, 0.000000000000000e+00, 0.000000000000000e+00, 2.783161256764625e+05
89, 2.232000045500000e-02, -2.482329437156798e-02, 6.257100040486685e+05, 7.764244005298163e+04, 2.041871944437262e+05, -3.629015060299791e+00, 0.000000000000000e+00, 0.000000000000000e+00, -1.442547862369153e+04
90, 1.789999939500000e-02, -2.241364555514381e-02, 4.062476749107212e+05, 2.929859340125073e+04, 9.024483322918900e+04, 2.569533384494432e+01, 0.000000000000000e+00, 0.000000000000000e+00, -4.576817597623086e+05
91, 1.394999958600000e-02, -1.994492353858276e-02, 9.447298169629199e+05, -1.963236326921729e+05, -4.450607418726021e+05, 2.057400308613720e+02, 0.000000000000000e+00, 0.000000000000000e+00, -2.749002966328736e+05
92, 1.049000024800000e-02, -1.742916196961543e-02, 9.447298169629199e+05, -1.963236326921729e+05, -4.450607418726021e+05, 2.057400308613720e+02, 0.000000000000000e+00, 0.000000000000000e+00, -4.235445874021119e+04
93, 7.519999985000000e-03, -1.486756313872443e-02, 9.307957409755029e+05, -1.320203037325875e+05, -2.701398214615396e+05, 2.078115924830606e+02, 0.000000000000000e+00, 0.000000000000000e+00, 2.850657633678044e+03
94, 5.040000193000000e-03, -1.226032473458219e-02, 8.557715281616313e+05, -1.969165528256041e+05, -4.455783460822694e+05, 2.035253005383206e+02, 0.000000000000000e+00, 0.000000000000000e+00, 7.888887782870785e+04
95, 3.049999941000000e-03, -9.605565346412577e-03, 3.417804969334746e+05, 5.297437975768339e+04, 9.965470992966139e+04, 3.850575380696809e+01, 0.000000000000000e+00, 0.000000000000000e+00, 1.456774182866472e+05
96, 1.560000004000000e-03, -6.917517506923035e-03, 7.572331034332776e+05, 2.077262939723296e+03, -6.311866998560967e+04, -2.127365098824470e+00, 0.000000000000000e+00, 0.000000000000000e+00, 2.108314127813556e+03
97, 5.600000150000000e-04, -4.173159738460802e-03, 9.720676139634545e+05, 3.311754710757587e+04, -1.146821156904107e+05, 1.406881506203231e+01, 0.000000000000000e+00, 0.000000000000000e+00, -4.192846076559867e+03
98, 5.999999800000000e-05, -1.375329724321098e-03, 1.265646959693147e+05, 2.586606694900335e+04, 9.302490816150469e+04, 9.227339081814076e+00, 0.000000000000000e+00, 0.000000000000000e+00, 5.967747329086624e+03
99, 0.000000000000000e+00, 0.000000000000000e+00, 6.526244515432739e+05, 4.341614337432694e+04, 8.574774978235271e+04, 2.977193532060735e+01, 0.000000000000000e+00, 0.000000000000000e+00, 7.770054675970797e+03
100, 5.999999800000000e-05, 1.375329724321098e-03, 1.848986899786943e+05, 4.675061793632864e+04, 1.626217222175913e+04, 1.841162477625937e+01, 0.000000000000000e+00, 0.000000000000000e+00, -1.324093106921737e+04
101, 5.600000150000000e-04, 4.173159738460802e-03, 2.649154913721676e+05, 4.886685806475935e+04, 4.377542197106170e+04, 2.395585822033111e+01, 0.000000000000000e+00, 0.000000000000000e+00, 1.238501828749771e+04
102, 1.560000004000000e-03, 6.917517506923035e-03, 8.634726188305581e+05, 4.911728664601111e+04, 5.615457275431539e+04, 1.177663737352698e+01, 0.000000000000000e+00, 0.000000000000000e+00, -2.799770246286219e+05
103, 3.049999941000000e-03, 9.605565346412577e-03, 8.017408982373737e+05, 1.574069993385507e+05, -5.928368992989725e+05, 2.866599692100055e+01, 0.000000000000000e+00, 0.000000000000000e+00, -1.104332057312079e+05
104, 5.040000193000000e-03, 1.226032473458219e-02, 4.750576071142356e+05, -2.047268173885797e+04, -3.849714393971257e+04, 7.211685704386515e+00, 0.000000000000000e+00, 0.000000000000000e+00, 1.299854218047343e+05
105, 7.519999985000000e-03, 1.486756313872443e-02, 7.795325712487542e+05, 1.687108159255688e+05, -6.326400943977039e+05, 5.813500189292867e+00, 0.000000000000000e+00, 0.000000000000000e+00, -1.770327200773073e+05
106, 1.049000024800000e-02, 1.742916196961543e-02, 5.892187082953110e+05, 9.166448737174785e+04, -4.997996162856270e+05, 5.854673425363531e+01, 0.000000000000000e+00, 0.000000000000000e+00, 9.832512098014100e+04
107, 1.394999958600000e-02, 1.994492353858276e-02, 2.469984725354775e+04, 1.964123577944978e+05, -6.139433448985745e+05, 6.238919106886627e+00, 0.000000000000000e+00, 0.000000000000000e+00, 2.863128950556441e+04
108, 1.789999939500000e-02, 2.241364555514381e-02, 8.317150637190212e+05, 1.531916571119087e+05, -5.028749122729872e+05, 4.035600212330031e+01, 0.000000000000000e+00, 0.000000000000000e+00, 7.346252453756155e+04
109, 2.232000045500000e-02, 2.482329437156798e-02, 1.294348503201618e+03, 1.997290107107494e+05, -6.070729535400278e+05, 8.813557903559207e+00, 0.000000000000000e+00, 0.000000000000000e+00, -9.918097905002436e+03
110, 2.723000012300000e-02, 2.718419978786347e-02, 1.725563237463660e+04, 1.997189544774409e+05, -6.071108776692885e+05, 8.832130753570375e+00, 0.000000000000000e+00, 0.000000000000000e+00, 1.157288922451548e+05
111, 3.260000050100000e-02, 2.948109446637338e-02, 5.047571913482840e+05, -2.924181588103695e+04, 9.718936471023844e+04, 2.808166814578063e+01, 0.000000000000000e+00, 0.000000000000000e+00, 2.306041259003668e+04
112, 3.844000026600000e-02, 3.171811260404538e-02, 5.667331975944405e+05, -2.775460193212608e+04, 1.131885523218689e+05, 2.129679101572742e+01, 0.000000000000000e+00, 0.000000000000000e+00, -2.280931670293598e+04
113, 4.473999887700000e-02, 3.389028465845557e-02, 7.025403871732099e+05, -7.950637455527911e+04, 2.415510259780495e+04, -2.320851332304989e+01, 0.000000000000000e+00, 0.000000000000000e+00, -9.909703645726810e+04
114, 5.149000138000000e-02, 3.599337852580232e-02, 1.358453921335669e+05, -7.098950966677516e+04, -3.515870545370969e+04, 2.326343173926701e+01, 0.000000000000000e+00, 0.000000000000000e+00, -1.025078980144417e+04
115, 5.869000032500000e-02, 3.802635805630503e-02, 6.532586290485945e+05, -7.156923041686432e+04, 4.871334747495619e+04, -5.253080806758000e+01, 0.000000000000000e+00, 0.000000000000000e+00, 3.992152457660718e+03
116, 6.633000075800000e-02, 3.998513962421356e-02, 6.480130109963481e+05, -4.365089998133486e+04, -6.609619686513653e+04, 5.829751626303803e+00, 0.000000000000000e+00, 0.000000000000000e+00, 4.070427914324871e+04
117, 7.440000027400000e-02, 4.186607976498817e-02, 6.650046064470783e+05, -8.907177015482083e+04, 3.061990531695270e+04, 7.488460056413338e+00, 0.000000000000000e+00, 0.000000000000000e+00, -4.913404467554167e+04
118, 8.290000259900000e-02, 4.366791468532204e-02, 6.174463404544044e+05, -9.020879713547100e+04, 4.445072540382502e+04, 9.820533376790408e-01, 0.000000000000000e+00, 0.000000000000000e+00, 5.561669835252677e+04
119, 9.181000292300000e-02, 4.538527151431038e-02, -6.882751650341939e+05, 2.774384155862276e+04, -6.955603526647006e+04, -8.478944964725461e+00, 0.000000000000000e+00, 0.000000000000000e+00, 3.848974551493777e+04
120, 1.011300012470000e-01, 4.701715290498424e-02, 5.577822112912975e+05, 5.862313307072171e+03, 1.110455609945628e+04, 1.982504596871277e+00, 0.000000000000000e+00, 0.000000000000000e+00, 1.062091000248875e+04
121, 1.108499988910000e-01, 4.856066993422563e-02, -9.035747529078816e+05, 2.416647207834201e+04, -5.677986978477391e+04, 1.301377875462486e+01, 0.000000000000000e+00, 0.000000000000000e+00, 1.179924238685308e+04
122, 1.209499984980000e-01, 5.001187382363489e-02, 7.181888698399721e+05, 3.088685829046326e+04, 1.583292498465106e+04, 7.675705256427259e+00, 0.000000000000000e+00, 0.000000000000000e+00, -8.638756750890212e+03
123, 1.314399987460000e-01, 5.137133628795417e-02, 9.809617426298559e+05, 1.783493202984118e+03, 1.348989637458116e+04, 1.064433719040069e+00, 0.000000000000000e+00, 0.000000000000000e+00, -1.289185853903400e+04
124, 1.422899961470000e-01, 5.263443049277360e-02, 5.667111381073040e+05, -1.203638349977628e+03, 5.380694318593831e+04, 3.005328708406877e+00, 0.000000000000000e+00, 0.000000000000000e+00, 1.455611820252349e+04
125, 1.534900069240000e-01, 5.379977779145956e-02, 7.179340349192717e+05, 1.204355832381766e+04, 7.224389180225004e+04, 2.198007918795319e+01, 0.000000000000000e+00, 0.000000000000000e+00, 1.610827468314749e+04
126, 1.650400012730000e-01, 5.486709202536137e-02, 4.220440734874241e+05, 1.678162127387553e+04, 4.333061694431357e+04, 1.033325442468214e+01, 0.000000000000000e+00, 0.000000000000000e+00, -2.545952544531400e+04
127, 1.769299954180000e-01, 5.583513598033686e-02, 2.877587192585377e+05, -2.894728234222230e+02, -7.538426914963528e+04, -1.411039425365144e+00, 0.000000000000000e+00, 0.000000000000000e+00, -1.254948671786637e+04
128, 1.891400069000000e-01, 5.670228146432130e-02, 4.817090355359239e+05, -1.546740355514079e+04, -9.974804534155828e+03, 5.051538383270574e+00, 0.000000000000000e+00, 0.000000000000000e+00, -1.674456874044763e+03
129, 2.016600072380000e-01, 5.746811193675738e-02, 8.114614895589044e+05, -1.339112372164598e+03, -5.325785550154367e+04, -1.019869166479665e+01, 0.000000000000000e+00, 0.000000000000000e+00, -3.721929092574346e+03
130, 2.144699990750000e-01, 5.813197420944613e-02, 7.109739814047206e+05, -1.259954387031113e+03, -3.298435129375591e+04, -1.054087462085070e+01, 0.000000000000000e+00, 0.000000000000000e+00, 1.265731345416329e+04
131, 2.275699973110000e-01, 5.869456802648413e-02, 5.930751634761556e+05, -6.718836043110485e+03, 4.076177436747045e+04, 2.173737325083914e+01, 0.000000000000000e+00, 0.000000000000000e+00, 1.013093405318522e+04
132, 2.409400045870000e-01, 5.915585896897953e-02, 4.593430426729614e+05, 2.173284643746301e+02, 3.242369396245413e+03, 1.612078625451945e+01, 0.000000000000000e+00, 0.000000000000000e+00, -1.216351530753128e+03
133, 2.545700073240000e-01, 5.951657836311273e-02, 8.312526870562781e+05, -9.079794096814305e+03, 1.220443841699956e+05, 1.822899740799335e+01, 0.000000000000000e+00, 0.000000000000000e+00, -1.302781063288420e+03
134, 2.684499919410000e-01, 5.977765596976551e-02, 2.494145472087466e+05, 6.977200009052422e+02, 8.475862943087188e+03, 1.066727084725065e+01, 0.000000000000000e+00, 0.000000000000000e+00, -7.567832784750000e+03
135, 2.825500071050000e-01, 5.994005483718394e-02, -6.856857665046660e+05, 2.683519562940803e+03, -8.089707043115201e+04, -7.493576443114732e+00, 0.000000000000000e+00, 0.000000000000000e+00, -4.779586356020925e+03
136, 2.968699932100000e-01, 6.000550062925582e-02, -6.351048052071857e+05, 3.068423918088397e+03, -7.886851558953269e+04, -8.562117900105715e+00, 0.000000000000000e+00, 0.000000000000000e+00, 2.859098009960104e+03
137, 3.113999962810000e-01, 5.997565198183213e-02, 1.773960948468519e+05, -2.827357047171619e+03, -1.471340304762500e+04, 4.541707924487343e+00, 0.000000000000000e+00, 0.000000000000000e+00, 2.611234524880617e+03
138, 3.261100053790000e-01, 5.985254444802346e-02, -5.511737839101951e+05, -3.968258490100716e+03, 1.161764449603071e+04, 7.705298731614082e+00, 0.000000000000000e+00, 0.000000000000000e+00, 2.498035882858466e+01
139, 3.409900069240000e-01, 5.963847719943702e-02, -8.581896492227959e+04, -2.509872456602955e+03, -8.076042129723526e+03, 3.599416119299900e+00, 0.000000000000000e+00, 0.000000000000000e+00, -7.536112679762322e+02
140, 3.560400009160000e-01, 5.933561549045978e-02, -3.247137211249244e+05, -5.722242292727894e+02, -2.122203284289991e+04, 6.151344838409889e-02, 0.000000000000000e+00, 0.000000000000000e+00, -2.923595303239595e+02
141, 3.712300062180000e-01, 5.894684318665333e-02, -2.976473729848197e+05, 2.854418380134401e+03, 3.040249430365034e+04, -1.497203467449837e+00, 0.000000000000000e+00, 0.000000000000000e+00, 1.239785275378092e+02
142, 3.865399956700000e-01, 5.847520956655861e-02, -3.158547244373308e+05, -1.028946134809458e+03, -4.333148896079516e+04, 7.989984819369402e-01, 0.000000000000000e+00, 0.000000000000000e+00, 2.943209858381104e+02
143, 4.019699990750000e-01, 5.792324246601335e-02, 8.912112535816290e+05, -2.423390655159199e+03, -9.592195679726137e+01, 2.465068697019866e+00, 0.000000000000000e+00, 0.000000000000000e+00, -2.173992930243094e+02
144, 4.174999892710000e-01, 5.729416860686566e-02, 9.023506564581207e+05, -5.583537839479480e+02, 1.083439609092454e+04, 7.268534383770916e-01, 0.000000000000000e+00, 0.000000000000000e+00, -4.606368549820143e+02
145, 4.331099987030000e-01, 5.659141825851464e-02, 2.004795400791464e+05, 1.087152496308892e+03, 7.820162263570168e+03, -2.077800370649043e+00, 0.000000000000000e+00, 0.000000000000000e+00, -2.586326257534202e+02
146, 4.487800002100000e-01, 5.581859897363720e-02, 8.313409689758081e+05, -2.914980765442995e+02, -5.988866621365418e+03, -1.334893066528006e+00, 0.000000000000000e+00, 0.000000000000000e+00, 3.824468569511306e+02
147, 4.645099937920000e-01, 5.497835513414191e-02, 4.609482835559886e+05, -1.486174166053357e+03, -4.029955586135419e+04, -1.569817579709891e-01, 0.000000000000000e+00, 0.000000000000000e+00, 2.370108369956718e+02
148, 4.802699983120000e-01, 5.407492053959814e-02, 5.168018897204710e+05, -3.777444757831340e+02, -2.569938748511390e+04, -1.027031705750205e+00, 0.000000000000000e+00, 0.000000000000000e+00, -6.217026136236263e+01
149, 4.960500001910000e-01, 5.311153541819326e-02, 7.811238944657565e+05, -1.504373407761653e+03, 3.485369674239038e+03, 1.598575813437324e+00, 0.000000000000000e+00, 0.000000000000000e+00, -8.147479705927529e+01
150, 5.118399858470000e-01, 5.209138375948307e-02, 9.088804181040330e+05, -2.309556318355132e+03, 2.733369891992163e+04, 3.074713554492299e+00, 0.000000000000000e+00, 0.000000000000000e+00, -2.076536846277191e+02
151, 5.276100039480000e-01, 5.101897737545535e-02, -6.308972456573158e+05, 1.531658961047018e+03, -3.935099187932217e+03, -1.816639100006125e+00, 0.000000000000000e+00, 0.000000000000000e+00, -5.476367489645686e+01
152, 5.433599948880000e-01, 4.989683951066199e-02, -3.563706765432708e+05, -3.715785234848231e+02, -8.603529156588649e+03, -5.268813970269444e-01, 0.000000000000000e+00, 0.000000000000000e+00, 2.157619827037262e+02
153, 5.590599775310000e-01, 4.872955796694115e-02, 8.339626462385092e+05, -2.166377873573840e+03, -1.022126938462500e+04, 1.314730656369134e+00, 0.000000000000000e+00, 0.000000000000000e+00, 1.711954400780041e+02
154, 5.747100114820000e-01, 4.751950934859488e-02, -5.325434772397444e+05, -1.776893742218167e+03, -2.793720498190962e+04, 2.051656489198347e-01, 0.000000000000000e+00, 0.000000000000000e+00, -1.784974642532145e+02
155, 5.902799963950000e-01, 4.627132533375768e-02, 3.372673336042396e+05, 1.687564675543279e+02, 7.155090940840473e+03, 2.272631905272213e-01, 0.000000000000000e+00, 0.000000000000000e+00, -1.427811044247819e+01
156, 6.057599782940000e-01, 4.498807223669178e-02, 3.330093232551095e+04, 1.078732702324384e+03, 1.365267970441931e+04, 1.217056348468898e-02, 0.000000000000000e+00, 0.000000000000000e+00, 3.409704829466516e+01
157, 6.211299896240000e-01, 4.367359094194759e-02, 7.666957083702508e+05, -4.998664164193563e+02, 6.225458936847416e+03, 8.506705988228865e-01, 0.000000000000000e+00, 0.000000000000000e+00, 1.900164678248184e+02
158, 6.363800168040000e-01, 4.233084266562091e-02, 8.777637248802368e+05, -1.384981397906330e+03, 1.036958703658580e+04, 2.455760922779096e+00, 0.000000000000000e+00, 0.000000000000000e+00, -2.578537541703967e+02
159, 6.514999866490000e-01, 4.096270419333766e-02, 9.060684598090197e+04, 1.057239897465663e+03, -3.145292186521087e+03, -1.847286611933726e+00, 0.000000000000000e+00, 0.000000000000000e+00, -1.467477838472972e+01
160, 6.664699912070000e-01, 3.957289370556494e-02, 8.597124984260732e+05, -2.514457190294276e+02, 9.982284492573886e+03, 1.005003257808304e+00, 0.000000000000000e+00, 0.000000000000000e+00, 5.848110850123221e+01
161, 6.812700033190000e-01, 3.816515293304169e-02, -1.609330812580404e+05, -1.868913809670910e+03, -2.581022214993680e+04, -7.034945008937743e-01, 0.000000000000000e+00, 0.000000000000000e+00, -2.012179126177039e+02
162, 6.958900094030001e-01, 3.674225211597043e-02, 1.171594943974818e+05, 7.231975293373034e+02, -8.652566380349581e+03, -2.253000835985032e+00, 0.000000000000000e+00, 0.000000000000000e+00, 9.063256040406381e+01
163, 7.103199958800001e-01, 3.530689307158652e-02, 9.893831261809686e+05, -3.759470611945590e+03, -3.365710376423147e+04, -5.742850671100608e-02, 0.000000000000000e+00, 0.000000000000000e+00, 8.549785558853442e+01
164, 7.245299816130000e-01, 3.386376679305321e-02, 7.822943425940787e+05, 5.270936187239290e+02, 1.490492809380464e+04, 3.829110358794699e-01, 0.000000000000000e+00, 0.000000000000000e+00, -9.116146684947807e+01
165, 7.385200262070000e-01, 3.241453277608040e-02, 6.950895766419523e+05, 6.615399041149585e+02, -2.952099186270716e+02, -1.493073002619320e+00, 0.000000000000000e+00, 0.000000000000000e+00, 5.732125326965335e+01
166, 7.522799968720000e-01, 3.096181144522562e-02, 9.227865269934672e+05, -9.053400298370680e+02, 1.069433044810775e+04, 1.492652487986153e+00, 0.000000000000000e+00, 0.000000000000000e+00, 1.065873083780161e+02
167, 7.657799720760000e-01, 2.951033727360171e-02, 3.881258409888530e+05, -2.543191834799366e+02, 2.301838203362449e+03, 7.645256700039043e-01, 0.000000000000000e+00, 0.000000000000000e+00, 2.754150570868331e+01
168, 7.790099978450000e-01, 2.806276676215449e-02, 9.527743249841903e+05, 2.991898293978449e+03, 4.270225711439656e+04, 1.453111683322234e+00, 0.000000000000000e+00, 0.000000000000000e+00, -8.306745622144120e+01
169, 7.919700145720000e-01, 2.662062628442961e-02, -1.883494532534627e+05, 2.358557973604968e+03, 2.183128156677662e+04, 2.123659445932848e-01, 0.000000000000000e+00, 0.000000000000000e+00, -5.790608629372942e+01
170, 8.046399950980000e-01, 2.518763605296113e-02, 9.589168427668666e+05, -4.091963755247975e+03, 1.383215615323597e+03, 3.177601849164266e+00, 0.000000000000000e+00, 0.000000000000000e+00, -3.587144047212926e+02
171, 8.170099854470000e-01, 2.376642068849115e-02, -7.062740885104738e+05, 5.379861904499721e+03, 6.808545908140368e+03, -5.579495666080986e+00, 0.000000000000000e+00, 0.000000000000000e+00, -6.961885552438686e+01
172, 8.290500044819999e-01, 2.236196298315981e-02, -5.485722400854914e+05, 1.333776682062369e+03, -1.102526152171945e+04, -3.426865417982046e+00, 0.000000000000000e+00, 0.000000000000000e+00, 3.253068913601567e+02
173, 8.407700061800000e-01, 2.097463226217677e-02, 6.513918875341944e+05, -2.269896194252921e+03, 5.262140419078043e+03, 2.487886338225292e+00, 0.000000000000000e+00, 0.000000000000000e+00, -2.920429264815358e+02
174, 8.521599769590000e-01, 1.960709133914372e-02, -7.032930590412139e+05, 4.918370564077059e+03, -9.641051796355274e+03, -7.829934225627418e+00, 0.000000000000000e+00, 0.000000000000000e+00, -1.137176747433394e+03
175, 8.631799817090000e-01, 1.826569132102762e-02, 2.027672806519679e+05, 1.254331246715827e+04, -3.367777296726108e+04, -2.225798316232972e+01, 0.000000000000000e+00, 0.000000000000000e+00, -7.105739550662744e+02
176, 8.738499879840000e-01, 1.694956337677533e-02, 3.096913598349012e+05, 1.137742189940292e+04, -4.168912833145643e+04, -2.290905248674056e+01, 0.000000000000000e+00, 0.000000000000000e+00, 7.324835797700781e+02
177, 8.841500282290000e-01, 1.566269158090452e-02, -1.723393383969349e+05, 8.995071666657766e+03, -7.218482516207005e+03, -1.285854784554256e+01, 0.000000000000000e+00, 0.000000000000000e+00, 4.761051575173025e+02
178, 8.940600156780000e-01, 1.440916392228702e-02, 6.623453245121263e+05, 8.814011856554840e+03, -1.313375054187742e+03, -1.204094487690533e+01, 0.000000000000000e+00, 0.000000000000000e+00, -4.228712290594873e+01
179, 9.035800099370001e-01, 1.319055953446835e-02, -8.565056550236274e+05, 6.544814832200712e+03, -2.988627419445783e+04, -1.274773341787323e+01, 0.000000000000000e+00, 0.000000000000000e+00, -2.817075076998392e+02
180, 9.126999974250000e-01, 1.200973104171110e-02, -9.875169767502516e+05, 1.246873074118937e+04, -2.239386262663004e+04, -1.904966154276077e+01, 0.000000000000000e+00, 0.000000000000000e+00, -3.489749242463540e+02
181, 9.214000105860000e-01, 1.087086069705918e-02, -9.555135291721587e+05, 1.023916801745925e+04, -4.334854710910463e+04, -1.961110737688226e+01, 0.000000000000000e+00, 0.000000000000000e+00, 7.179295766304078e+01
182, 9.296900033950000e-01, 9.774221272349531e-03, -8.763067122729642e+05, 9.979495844291603e+03, -4.892262847051952e+04, -2.048397282293519e+01, 0.000000000000000e+00, 0.000000000000000e+00, 1.431011549063853e+03
183, 9.375399947170000e-01, 8.725349486403867e-03, 8.787647395336382e+05, -1.070541964992271e+04, 1.439004111838966e+04, 1.488179861698546e+01, 0.000000000000000e+00, 0.000000000000000e+00, 1.193084753054927e+03
184, 9.449599981310000e-01, 7.724467125531491e-03, 8.236062033316735e+05, -6.590980573363851e+03, -3.294047607337975e+03, 8.097585902644173e+00, 0.000000000000000e+00, 0.000000000000000e+00, -1.295357523401402e+03
185, 9.519400000570000e-01, 6.774428848839826e-03, 9.779351537353769e+05, 7.425435314062969e+03, -2.744502075976522e+04, -1.560586732268009e+01, 0.000000000000000e+00, 0.000000000000000e+00, -1.586888899247182e+02
186, 9.584699869160000e-01, 5.878077433056352e-03, 7.821237314090363e+05, -4.920772280843688e+03, 1.890729086197442e+03, 5.146677549621474e+00, 0.000000000000000e+00, 0.000000000000000e+00, 5.146599090348037e+02
187, 9.645400047300000e-01, 5.038225493362627e-03, 9.548296071638715e+05, -3.346323423217965e+03, -1.843747146704541e+04, -2.184190309382918e-01, 0.000000000000000e+00, 0.000000000000000e+00, -1.116866760880429e+02
188, 9.701499938960000e-01, 4.256268552403566e-03, -3.957379715262358e+05, -1.032501220202792e+03, -1.873913328756582e+03, 7.701687138211621e-01, 0.000000000000000e+00, 0.000000000000000e+00, 8.830159019569614e+01
189, 9.752799868580000e-01, 3.536324145770189e-03, 7.609766235646041e+05, -4.559237024135039e+03, -6.529874038419410e+03, 3.550493668231848e+00, 0.000000000000000e+00, 0.000000000000000e+00, 5.849808658486082e+02
190, 9.799500107769999e-01, 2.876826092032643e-03, 5.609352601677153e+05, -2.040184284457312e+04, -1.122233984468816e+04, 2.212787832905722e+01, 0.000000000000000e+00, 0.000000000000000e+00, -9.303846008045798e+01
191, 9.841300249100000e-01, 2.283176811071472e-03, 9.978556773948034e+05, -2.362479179687059e+03, -2.214428630426973e+03, 2.601925231153457e+00, 0.000000000000000e+00, 0.000000000000000e+00, 1.733479102776966e+02
192, 9.878399968150000e-01, 1.753609743384430e-03, 9.967810861771897e+05, -1.352988556107376e+04, 2.333599323981112e+04, 2.077897492505813e+01, 0.000000000000000e+00, 0.000000000000000e+00, -9.299822087977226e+02
193, 9.910500049590000e-01, 1.293363843462116e-03, 9.461545470958306e+05, 1.340520159210643e+04, 1.095266096343844e+04, -1.668348964430136e+01, 0.000000000000000e+00, 0.000000000000000e+00, -1.193338984224652e+01
194, 9.937800168990000e-01, 9.004365425509819e-04, 9.137427608165597e+05, -1.440566894623006e+04, 8.528632790293024e+03, 1.912468700225446e+01, 0.000000000000000e+00, 0.000000000000000e+00, 4.957570613417174e+02
195, 9.960200190539999e-01, 5.769983605901485e-04, 8.257836504612458e+05, -2.952490893687312e+03, 9.393091725367634e+03, 2.416994992835937e+00, 0.000000000000000e+00, 0.000000000000000e+00, -7.141112591474025e+02
196, 9.977599978450000e-01, 3.251111630156300e-04, 9.047719241469814e+05, -2.826499604770958e+03, 6.786813537010427e+03, 2.107741155564952e+00, 0.000000000000000e+00, 0.000000000000000e+00, 5.110046838418597e+02
197, 9.990000128750000e-01, 1.452537504052920e-04, 7.585046541213349e+05, -1.073318206618505e+04, -7.379643083181475e+03, 1.102756624026667e+01, 0.000000000000000e+00, 0.000000000000000e+00, -2.470237539416686e+02
198, 9.997500181200000e-01, 3.632896519016437e-05, 9.749770752239638e+05, -1.663690447212880e+03, 1.274140531140721e+03, 7.443371474597178e-01, 0.000000000000000e+00, 0.000000000000000e+00, -2.759121757294457e+02
199, 1.000000000000000e+00, 0.000000000000000e+00, 8.178727411373116e+05, -3.177472261920614e+02, 2.741240997588171e+03, -7.784001013887334e-01, 0.000000000000000e+00, 0.000000000000000e+00, 8.703734234576094e+00
