"PointID","x","y","Density","Momentum_x","Momentum_y","Energy","Pressure","Temperature","Mach","Pressure_Coefficient"
0, 9.997500181200000e-01, -3.632896519016437e-05, 8.188702259509549e-01, 1.103774819484292e+03, 1.624263548119283e+02, 1.180258969980585e+06, 1.680990868102308e+05, 7.151227905501106e+02, 2.541430948179236e+00, 3.765765707813236e-02
1, 9.990000128750000e-01, -1.452537504052920e-04, 8.124176596318865e-01, 1.091674755942198e+03, 1.587442964952097e+02, 1.169515257858050e+06, 1.682179516540882e+05, 7.213122876765231e+02, 2.522011896240746e+00, 3.772469163813090e-02
2, 9.977599978450000e-01, -3.251111630156300e-04, 8.104645313289714e-01, 1.087470001489090e+03, 1.574494247205023e+02, 1.166046533200496e+06, 1.684706392945442e+05, 7.241366954111392e+02, 2.513211803200195e+00, 3.786719638760379e-02
3, 9.960200190539999e-01, -5.769983605901485e-04, 8.131745244211238e-01, 1.091778294866987e+03, 1.578525219942773e+02, 1.170196386974781e+06, 1.687830832036879e+05, 7.230619314547841e+02, 2.516556001455833e+00, 3.804340105244813e-02
4, 9.937800168990000e-01, -9.004365425509819e-04, 8.139703573934511e-01, 1.092444962150850e+03, 1.574937318889968e+02, 1.171159092590346e+06, 1.691308026527774e+05, 7.238431450410231e+02, 2.514124662910603e+00, 3.823949957507453e-02
5, 9.910500049590000e-01, -1.293363843462116e-03, 8.156242934169108e-01, 1.094456471171007e+03, 1.572443766794969e+02, 1.173427537831446e+06, 1.695857411644085e+05, 7.243184142049994e+02, 2.512646919573584e+00, 3.849606494767675e-02
6, 9.878399968150000e-01, -1.753609743384430e-03, 8.174462139201008e-01, 1.096620509893716e+03, 1.569208199524195e+02, 1.175904004206850e+06, 1.701092632275906e+05, 7.249350903190242e+02, 2.510731097966296e+00, 3.879130843613021e-02
7, 9.841300249100000e-01, -2.283176811071472e-03, 8.196828137105345e-01, 1.099329926392760e+03, 1.565585411961157e+02, 1.178966530853379e+06, 1.707295385416789e+05, 7.255931639914854e+02, 2.508688648307770e+00, 3.914111651569783e-02
8, 9.799500107769999e-01, -2.876826092032643e-03, 8.221008869160572e-01, 1.102209339692419e+03, 1.561440235746842e+02, 1.182257490947226e+06, 1.714201968037506e+05, 7.263855864003351e+02, 2.506231933957318e+00, 3.953061749180539e-02
9, 9.752799868580000e-01, -3.536324145770189e-03, 8.247817181836059e-01, 1.105389929375786e+03, 1.556764867033961e+02, 1.185901508380987e+06, 1.721904565111145e+05, 7.272779100986824e+02, 2.503469031393520e+00, 3.996501019272609e-02
10, 9.701499938960000e-01, -4.256268552403566e-03, 8.278189356534698e-01, 1.109028355785390e+03, 1.551770527390438e+02, 1.190045446909667e+06, 1.730476238217012e+05, 7.282166915434829e+02, 2.500566308659133e+00, 4.044841497117548e-02
11, 9.645400047300000e-01, -5.038225493362627e-03, 8.310177493259187e-01, 1.112802894267147e+03, 1.546184055799352e+02, 1.194386636341282e+06, 1.739736260669555e+05, 7.292953775757318e+02, 2.497236078284945e+00, 4.097063963453133e-02
12, 9.584699869160000e-01, -5.878077433056352e-03, 8.345739113506241e-01, 1.117039607655352e+03, 1.540288952048925e+02, 1.199230588296659e+06, 1.749852780711884e+05, 7.304105755551738e+02, 2.493798810971590e+00, 4.154116700641554e-02
13, 9.519400000570000e-01, -6.774428848839826e-03, 8.383074404316952e-01, 1.121441074292401e+03, 1.533869335873138e+02, 1.204297809441882e+06, 1.760657148446630e+05, 7.316473751489859e+02, 2.489993475189423e+00, 4.215048597210562e-02
14, 9.449599981310000e-01, -7.724467125531491e-03, 8.423334204919517e-01, 1.126203983017970e+03, 1.527095847130886e+02, 1.209769895486785e+06, 1.772228386907502e+05, 7.329359124577380e+02, 2.486036451383443e+00, 4.280305308420580e-02
15, 9.375399947170000e-01, -8.725349486403867e-03, 8.465643240152195e-01, 1.131182606393900e+03, 1.519861677469711e+02, 1.215510581247325e+06, 1.784487915382289e+05, 7.343176958179999e+02, 2.481801533615565e+00, 4.349443673510495e-02
16, 9.296900033950000e-01, -9.774221272349531e-03, 8.510476196195584e-01, 1.136458851503022e+03, 1.512258072027750e+02, 1.221595255497284e+06, 1.797463467619444e+05, 7.357606486298973e+02, 2.477388438786658e+00, 4.422620098660995e-02
17, 9.214000105860000e-01, -1.087086069705918e-02, 8.557503249495221e-01, 1.141972915249300e+03, 1.504247160814063e+02, 1.227970812379817e+06, 1.811143008609826e+05, 7.372860491806902e+02, 2.472733457946436e+00, 4.499766711697584e-02
18, 9.126999974250000e-01, -1.200973104171110e-02, 8.607058204307942e-01, 1.147782677325137e+03, 1.495915505183244e+02, 1.234690525473340e+06, 1.825543451452362e+05, 7.388695686432560e+02, 2.467912222513437e+00, 4.580978895082229e-02
19, 9.035800099370001e-01, -1.319055953446835e-02, 8.658799087384387e-01, 1.153849096854637e+03, 1.487249858572786e+02, 1.241708205743250e+06, 1.840563588472572e+05, 7.404973502588273e+02, 2.462967944881590e+00, 4.665685881907987e-02
20, 8.940600156780000e-01, -1.440916392228702e-02, 8.711011989406789e-01, 1.159864656205291e+03, 1.477951432334649e+02, 1.248748077721913e+06, 1.856139037031193e+05, 7.422876560023740e+02, 2.457543645332729e+00, 4.753524582319652e-02
21, 8.841500282290000e-01, -1.566269158090452e-02, 8.768971471556086e-01, 1.166705844139050e+03, 1.468737336825663e+02, 1.256631831796566e+06, 1.872738026173311e+05, 7.439756424682453e+02, 2.452442352651856e+00, 4.847135602824357e-02
22, 8.738499879840000e-01, -1.694956337677533e-02, 8.825868405408344e-01, 1.173252802436142e+03, 1.458853989924264e+02, 1.264304350375002e+06, 1.889699772964127e+05, 7.458744118780598e+02, 2.446719026340626e+00, 4.942792417407222e-02
23, 8.631799817090000e-01, -1.826569132102762e-02, 8.886108457550840e-01, 1.180212056351170e+03, 1.448659958771933e+02, 1.272441099255179e+06, 1.907524023808259e+05, 7.478056669234923e+02, 2.440913935655172e+00, 5.043313376663546e-02
24, 8.521599769590000e-01, -1.960709133914372e-02, 8.951483596680503e-01, 1.187889270366688e+03, 1.438489902148106e+02, 1.281324692543918e+06, 1.926335301887420e+05, 7.496649542664172e+02, 2.435340453030788e+00, 5.149400736737771e-02
25, 8.407700061800000e-01, -2.097463226217677e-02, 9.013648318995525e-01, 1.194878034937506e+03, 1.427376554089401e+02, 1.289649090430101e+06, 1.945452237612546e+05, 7.518830749745331e+02, 2.428710782222592e+00, 5.257211871911720e-02
26, 8.290500044819999e-01, -2.236196298315981e-02, 9.087087222537528e-01, 1.203595909335526e+03, 1.416805658918701e+02, 1.299671676807831e+06, 1.966151440973543e+05, 7.537418244722273e+02, 2.423171415013751e+00, 5.373946302765742e-02
27, 8.170099854470000e-01, -2.376642068849115e-02, 9.152577952154404e-01, 1.210833683449348e+03, 1.404925830972156e+02, 1.308397462066216e+06, 1.986731132287269e+05, 7.561814268849726e+02, 2.415923238435733e+00, 5.490006738076315e-02
28, 8.046399950980000e-01, -2.518763605296113e-02, 9.232236070659777e-01, 1.220275156168753e+03, 1.393756836496762e+02, 1.319268741580043e+06, 2.009184010304604e+05, 7.581290837294079e+02, 2.410154625058390e+00, 5.616631125047995e-02
29, 7.919700145720000e-01, -2.662062628442961e-02, 9.304448945098819e-01, 1.228363330154800e+03, 1.381461144047713e+02, 1.328938840921763e+06, 2.031389295777159e+05, 7.605588912119687e+02, 2.402980147319898e+00, 5.741859198630483e-02
30, 7.790099978450000e-01, -2.806276676215449e-02, 9.381536191645510e-01, 1.237117460330054e+03, 1.368718077278121e+02, 1.339310979838114e+06, 2.054600363420208e+05, 7.629283399037190e+02, 2.396007406001343e+00, 5.872759442643307e-02
31, 7.657799720760000e-01, -2.951033727360171e-02, 9.462922839187496e-01, 1.246372327807383e+03, 1.355582264032127e+02, 1.350270167114427e+06, 2.079020372751990e+05, 7.653565292891218e+02, 2.388885680059357e+00, 6.010477587688784e-02
32, 7.522799968720000e-01, -3.096181144522562e-02, 9.549492023852831e-01, 1.256347088274654e+03, 1.342177524536336e+02, 1.361981313300981e+06, 2.104454401974678e+05, 7.676965610304162e+02, 2.382045182564067e+00, 6.153914360295673e-02
33, 7.385200262070000e-01, -3.241453277608040e-02, 9.628369193724142e-01, 1.264842872961517e+03, 1.327526933742345e+02, 1.372421992105284e+06, 2.129927372755720e+05, 7.706237785066087e+02, 2.373519220798026e+00, 6.297570746216742e-02
34, 7.245299816130000e-01, -3.386376679305321e-02, 9.729256240115699e-01, 1.276849520445142e+03, 1.313281268800711e+02, 1.386224995184910e+06, 2.158018734920537e+05, 7.726911078890964e+02, 2.367518403485475e+00, 6.455993711440765e-02
35, 7.103199958800001e-01, -3.530689307158652e-02, 9.807638941650413e-01, 1.284928872824810e+03, 1.297044475569363e+02, 1.396463582181852e+06, 2.184698430029075e+05, 7.759922297156374e+02, 2.357971250147600e+00, 6.606455493449369e-02
36, 6.958900094030001e-01, -3.674225211597043e-02, 9.910118007666040e-01, 1.296745881391525e+03, 1.280904269324447e+02, 1.410342224533069e+06, 2.214654832640516e+05, 7.784981192520216e+02, 2.350752430064294e+00, 6.775396469017043e-02
37, 6.812700033190000e-01, -3.816515293304169e-02, 1.000955020257742e+00, 1.307871932169445e+03, 1.263643470206178e+02, 1.423678731891423e+06, 2.245015582014645e+05, 7.813311568736788e+02, 2.342620436463549e+00, 6.946617783029968e-02
38, 6.664699912070000e-01, -3.957289370556494e-02, 1.010332469191317e+00, 1.317787529561232e+03, 1.245138240055322e+02, 1.436036566927415e+06, 2.275847031839403e+05, 7.847098485137989e+02, 2.332962351501398e+00, 7.120493641193636e-02
39, 6.514999866490000e-01, -4.096270419333766e-02, 1.022319045257685e+00, 1.331780300971930e+03, 1.226014218049898e+02, 1.452344617753410e+06, 2.310138410911580e+05, 7.871942170609940e+02, 2.325888291848853e+00, 7.313881983217121e-02
40, 6.363800168040000e-01, -4.233084266562091e-02, 1.031621846710864e+00, 1.340972039224292e+03, 1.205136458633405e+02, 1.464363910477315e+06, 2.343126133281295e+05, 7.912349865258508e+02, 2.314431811522943e+00, 7.499918273060775e-02
41, 6.211299896240000e-01, -4.367359094194759e-02, 1.045105847987031e+00, 1.356805554199100e+03, 1.183351972872052e+02, 1.482752077763431e+06, 2.381273067690038e+05, 7.937418289150438e+02, 2.307354718985945e+00, 7.715050256614366e-02
42, 6.057599782940000e-01, -4.498807223669178e-02, 1.055012682033385e+00, 1.366298176038627e+03, 1.159890977197629e+02, 1.495448836837780e+06, 2.417432172090589e+05, 7.982280089990353e+02, 2.294746994014214e+00, 7.918971750537322e-02
43, 5.902799963950000e-01, -4.627132533375768e-02, 1.069858535144960e+00, 1.383622541943395e+03, 1.134726804255896e+02, 1.515661155603857e+06, 2.459761952482374e+05, 8.009346253343293e+02, 2.287175573372053e+00, 8.157693151358075e-02
44, 5.747100114820000e-01, -4.751950934859488e-02, 1.080669757476109e+00, 1.393782044378956e+03, 1.108132843331294e+02, 1.529453444030194e+06, 2.499857489857079e+05, 8.058470099175792e+02, 2.273500301991170e+00, 8.383814401224232e-02
45, 5.590599775310000e-01, -4.872955796694115e-02, 1.097001576102291e+00, 1.412659249165191e+03, 1.078850738998179e+02, 1.551630368223205e+06, 2.547009240368620e+05, 8.088232268305308e+02, 2.265256189090391e+00, 8.649729599202681e-02
46, 5.433599948880000e-01, -4.989683951066199e-02, 1.108852396827712e+00, 1.423570802923331e+03, 1.048480008590097e+02, 1.566678910442027e+06, 2.591660350281024e+05, 8.142067345995475e+02, 2.250421564647376e+00, 8.901542280672657e-02
47, 5.276100039480000e-01, -5.101897737545535e-02, 1.126774164633244e+00, 1.444041714706872e+03, 1.014253325645571e+02, 1.590935400978771e+06, 2.644196662837247e+05, 8.174989761773764e+02, 2.241398170628762e+00, 9.197824047582374e-02
48, 5.118399858470000e-01, -5.209138375948307e-02, 1.139722367864926e+00, 1.455677785130249e+03, 9.792919844194931e+01, 1.607287948500333e+06, 2.693877306028032e+05, 8.233966301977260e+02, 2.225324448327985e+00, 9.478001091413245e-02
49, 4.960500001910000e-01, -5.311153541819326e-02, 1.159394572896855e+00, 1.477838253766552e+03, 9.390347411774712e+01, 1.633813267859463e+06, 2.752548170088903e+05, 8.270542736607737e+02, 2.215413263368620e+00, 9.808879038956135e-02
50, 4.802699983120000e-01, -5.407492053959814e-02, 1.173793497557027e+00, 1.490563024976254e+03, 8.983279500127297e+01, 1.651940141108193e+06, 2.808373249500456e+05, 8.334767192623867e+02, 2.198114720712019e+00, 1.012370800888489e-01
51, 4.645099937920000e-01, -5.497835513414191e-02, 1.195681164845484e+00, 1.514911187541387e+03, 8.507419836552312e+01, 1.681359086408087e+06, 2.874587820033801e+05, 8.375110357700338e+02, 2.187315405279253e+00, 1.049712915319898e-01
52, 4.487800002100000e-01, -5.581859897363720e-02, 1.212345656622059e+00, 1.529792924364151e+03, 8.029854659288139e+01, 1.702424225603940e+06, 2.938335240498043e+05, 8.443164060785102e+02, 2.169212932136406e+00, 1.085663665290920e-01
53, 4.331099987030000e-01, -5.659141825851464e-02, 1.235126297203145e+00, 1.553850427745343e+03, 7.479877640761404e+01, 1.732599099305246e+06, 3.011694294874878e+05, 8.494344357347844e+02, 2.155691782266139e+00, 1.127034955341654e-01
54, 4.174999892710000e-01, -5.729416860686566e-02, 1.255903168001322e+00, 1.573780846949222e+03, 6.903370257801137e+01, 1.759401366805843e+06, 3.085785184350691e+05, 8.559332133264438e+02, 2.138635307744735e+00, 1.168818968299005e-01
55, 4.019699990750000e-01, -5.792324246601335e-02, 1.278582353634401e+00, 1.595783953314889e+03, 6.272620555198230e+01, 1.788767851860038e+06, 3.165557559903465e+05, 8.624856020117129e+02, 2.121562670990948e+00, 1.213807090284285e-01
56, 3.865399956700000e-01, -5.847520956655861e-02, 1.303989089074112e+00, 1.621208293792188e+03, 5.561844081828647e+01, 1.821965974119969e+06, 3.251925613149533e+05, 8.687543465413148e+02, 2.105343390486847e+00, 1.262514885284006e-01
57, 3.712300062180000e-01, -5.894684318665333e-02, 1.327694280662776e+00, 1.642456935314544e+03, 4.841350957087375e+01, 1.852080805682512e+06, 3.341108817130608e+05, 8.766432261376738e+02, 2.085087129948738e+00, 1.312810301860693e-01
58, 3.560400009160000e-01, -5.933561549045978e-02, 1.357153440871597e+00, 1.672044462441179e+03, 3.992782363479279e+01, 1.890667003234186e+06, 3.440323654167835e+05, 8.830813128981122e+02, 2.068680722552864e+00, 1.368763119618109e-01
59, 3.409900069240000e-01, -5.963847719943702e-02, 1.383106176629583e+00, 1.695062490439750e+03, 3.132343638424864e+01, 1.923607988443359e+06, 3.538253559477269e+05, 8.911766045854939e+02, 2.048205831947918e+00, 1.423991292222210e-01
60, 3.261100053790000e-01, -5.985254444802346e-02, 1.413220724329412e+00, 1.723666419897718e+03, 2.180818342763768e+01, 1.962535140480072e+06, 3.644850513746901e+05, 8.984627353906725e+02, 2.029920836033118e+00, 1.484107300410646e-01
61, 3.113999962810000e-01, -5.997565198183213e-02, 1.444148228141395e+00, 1.753032529456696e+03, 1.112936206620461e+01, 2.002542454594884e+06, 3.754032045058878e+05, 9.055585785213884e+02, 2.012240267297684e+00, 1.545680896723488e-01
62, 2.968699932100000e-01, -6.000550062925582e-02, 1.473192781515605e+00, 1.778201851664290e+03, 5.537475998042041e-01, 2.039316182689034e+06, 3.864544631156296e+05, 9.138377413654789e+02, 1.991765046342305e+00, 1.608005149571772e-01
63, 2.825500071050000e-01, -5.994005483718394e-02, 1.508951571237595e+00, 1.813287937770713e+03, -1.237058259393026e+01, 2.086051890042215e+06, 3.985994560819085e+05, 9.202201641440054e+02, 1.976090632062358e+00, 1.676497584614761e-01
64, 2.684499919410000e-01, -5.977765596976551e-02, 1.538831169955184e+00, 1.837144246746883e+03, -2.454057100919161e+01, 2.123276480462634e+06, 4.105748440550049e+05, 9.294621464960923e+02, 1.953558078166662e+00, 1.744033521863904e-01
65, 2.545700073240000e-01, -5.951657836311273e-02, 1.579899055361626e+00, 1.876916846734050e+03, -3.983717730829348e+01, 2.176878283345116e+06, 4.245957392474884e+05, 9.362172474623593e+02, 1.937208339927187e+00, 1.823105222924753e-01
66, 2.409400045870000e-01, -5.915585896897953e-02, 1.613245529264392e+00, 1.901659109941222e+03, -5.433765472032304e+01, 2.217911138022420e+06, 4.384714465516612e+05, 9.468282172783497e+02, 1.911723052118820e+00, 1.901358127956921e-01
67, 2.275699973110000e-01, -5.869456802648413e-02, 1.660661427818434e+00, 1.945396152164332e+03, -7.225683457266632e+01, 2.279197844531535e+06, 4.552601260244267e+05, 9.550120714707514e+02, 1.892226151516862e+00, 1.996038918751834e-01
68, 2.144699990750000e-01, -5.813197420944613e-02, 1.699460865101906e+00, 1.972267105873326e+03, -8.977866074306229e+01, 2.326476505558877e+06, 4.718689187911958e+05, 9.672540329278468e+02, 1.863309220279386e+00, 2.089705227400915e-01
69, 2.016600072380000e-01, -5.746811193675738e-02, 1.753952398139281e+00, 2.019550942898773e+03, -1.105146455053898e+02, 2.396098590525680e+06, 4.919730141825909e+05, 9.771333229149209e+02, 1.840180978417740e+00, 2.203083510246892e-01
70, 1.891400069000000e-01, -5.670228146432130e-02, 1.800192146054617e+00, 2.051087855354907e+03, -1.317557010888960e+02, 2.452520876774831e+06, 5.116894544563260e+05, 9.901886621417426e+02, 1.809888295000790e+00, 2.314275588206696e-01
71, 1.769299954180000e-01, -5.583513598033686e-02, 1.857576183401633e+00, 2.096937333200319e+03, -1.555577291607705e+02, 2.524809313712317e+06, 5.338900181217687e+05, 1.001233823061027e+03, 1.784489252216187e+00, 2.439477032867471e-01
72, 1.650400012730000e-01, -5.486709202536137e-02, 1.912702009845123e+00, 2.136374590336355e+03, -1.816054664051013e+02, 2.592970888311240e+06, 5.564990569391942e+05, 1.013555334594961e+03, 1.756390157516923e+00, 2.566982098278915e-01
73, 1.534900069240000e-01, -5.379977779145956e-02, 1.974799517373058e+00, 2.181936885135645e+03, -2.097755754654323e+02, 2.670240792154167e+06, 5.814793898767069e+05, 1.025750314919659e+03, 1.728810641729532e+00, 2.707860222772307e-01
74, 1.422899961470000e-01, -5.263443049277360e-02, 2.044393288609307e+00, 2.232506814847473e+03, -2.422950818571064e+02, 2.756887809207151e+06, 6.094260159099719e+05, 1.038453103755244e+03, 1.700312939089207e+00, 2.865466939677683e-01
75, 1.314399987460000e-01, -5.137133628795417e-02, 2.118278646002697e+00, 2.281857696509140e+03, -2.756198099361928e+02, 2.847685878833598e+06, 6.402881472995197e+05, 1.052986297048632e+03, 1.667978581571353e+00, 3.039515828413633e-01
76, 1.209499984980000e-01, -5.001187382363489e-02, 2.195498004383444e+00, 2.334715075897573e+03, -3.151349205969887e+02, 2.943373359581728e+06, 6.717506602791861e+05, 1.065872851563831e+03, 1.639532011457142e+00, 3.216950606064989e-01
77, 1.108499988910000e-01, -4.856066993422563e-02, 2.272540348330058e+00, 2.381088488662564e+03, -3.544901045252701e+02, 3.037147216258697e+06, 7.048353237265837e+05, 1.080454303713759e+03, 1.607578814094140e+00, 3.403533601080450e-01
78, 1.011300012470000e-01, -4.701715290498424e-02, 2.364953555175925e+00, 2.437856883032494e+03, -4.014748027903943e+02, 3.150273741315431e+06, 7.438771006666769e+05, 1.095743539820418e+03, 1.574320015374088e+00, 3.623712104143961e-01
79, 9.181000292300000e-02, -4.538527151431038e-02, 2.457172928351153e+00, 2.483468503829514e+03, -4.509875581225028e+02, 3.260402752009704e+06, 7.855972249296941e+05, 1.113767559413566e+03, 1.535402148060339e+00, 3.858995311717990e-01
80, 8.290000259900000e-02, -4.366791468532204e-02, 2.561901558646052e+00, 2.532790307967756e+03, -5.055126494799796e+02, 3.385141715964034e+06, 8.333052343708046e+05, 1.133109856228185e+03, 1.493943503948350e+00, 4.128047566153071e-01
81, 7.440000027400000e-02, -4.186607976498817e-02, 2.679439138503649e+00, 2.583775893636235e+03, -5.687011744371289e+02, 3.524594147869139e+06, 8.873910923448199e+05, 1.153722901333484e+03, 1.450054721202500e+00, 4.433068089780805e-01
82, 6.633000075800000e-02, -3.998513962421356e-02, 2.804222918216170e+00, 2.625657661290726e+03, -6.348953611479259e+02, 3.669926217147608e+06, 9.475289608662567e+05, 1.177091717467803e+03, 1.400588992054360e+00, 4.772219299235174e-01
83, 5.869000032500000e-02, -3.802635805630503e-02, 2.951565238420747e+00, 2.675255754604199e+03, -7.134748178175391e+02, 3.842518620554990e+06, 1.017551563025000e+06, 1.200976153490585e+03, 1.350259081629051e+00, 5.167116072186388e-01
84, 5.149000138000000e-02, -3.599337852580232e-02, 3.113269580084616e+00, 2.717138983547462e+03, -7.998486351767312e+02, 4.029796387789004e+06, 1.096537417135936e+06, 1.226978839209719e+03, 1.295607688400336e+00, 5.612561655977931e-01
85, 4.473999887700000e-02, -3.389028465845557e-02, 3.286764594175749e+00, 2.752175144120059e+03, -8.977874875720172e+02, 4.229975595700697e+06, 1.182036442891120e+06, 1.252831347904191e+03, 1.241283451118237e+00, 6.094738671974175e-01
86, 3.844000026600000e-02, -3.171811260404538e-02, 3.467123493885054e+00, 2.775272943153078e+03, -1.005402197234171e+03, 4.436855511729323e+06, 1.272136889215204e+06, 1.278188426423355e+03, 1.187866404750855e+00, 6.602865682366948e-01
87, 3.260000050100000e-02, -2.948109446637338e-02, 3.672568214514304e+00, 2.796774445490656e+03, -1.131784493793601e+03, 4.673573079138778e+06, 1.373706189487590e+06, 1.303029743461441e+03, 1.135255487720854e+00, 7.175672000211993e-01
88, 2.723000012300000e-02, -2.718419978786347e-02, 3.914094595828043e+00, 2.803317121948174e+03, -1.274919235601404e+03, 4.949704561850014e+06, 1.495273918041834e+06, 1.330821430646572e+03, 1.075860228446371e+00, 7.861260684737709e-01
89, 2.232000045500000e-02, -2.482329437156798e-02, 4.199713523037722e+00, 2.777821847223606e+03, -1.433114175604038e+03, 5.271825648616578e+06, 1.643455168579808e+06, 1.363228133365616e+03, 1.005534451314287e+00, 8.696937963863430e-01
90, 1.789999939500000e-02, -2.241364555514381e-02, 4.533805332263836e+00, 2.699712306621947e+03, -1.601546595683130e+03, 5.642901756767049e+06, 1.822497221831244e+06, 1.400342763196428e+03, 9.229201407783800e-01, 9.706656638574569e-01
91, 1.394999958600000e-02, -1.994492353858276e-02, 4.928214020173781e+00, 2.554658034568452e+03, -1.776579343638460e+03, 6.076983856312720e+06, 2.037851523440998e+06, 1.440500202956039e+03, 8.298487636967711e-01, 1.092116047198054e+00
92, 1.049000024800000e-02, -1.742916196961543e-02, 5.366703871815464e+00, 2.306913839380896e+03, -1.924858545602437e+03, 6.552329452939360e+06, 2.284526713986814e+06, 1.482924205052880e+03, 7.251938766082061e-01, 1.231230038553066e+00
93, 7.519999985000000e-03, -1.486756313872443e-02, 5.824239880317895e+00, 1.931470252220071e+03, -1.989912051676655e+03, 7.038798953706414e+06, 2.551439548151269e+06, 1.526076745184893e+03, 6.079895656098163e-01, 1.381757173537074e+00
94, 5.040000193000000e-03, -1.226032473458219e-02, 6.289819342815678e+00, 1.437338150816706e+03, -1.919796688392325e+03, 7.528392860426912e+06, 2.828472391173054e+06, 1.566549482570894e+03, 4.805446675733948e-01, 1.537991549778608e+00
95, 3.049999941000000e-03, -9.605565346412577e-03, 6.683034489254573e+00, 8.842493413429140e+02, -1.680100073657103e+03, 7.937293213599718e+06, 3.067043140514741e+06, 1.598735165172079e+03, 3.544212272656182e-01, 1.672534991654713e+00
96, 1.560000004000000e-03, -6.917517506923035e-03, 7.045792803083301e+00, 3.512397461740101e+02, -1.238521928922233e+03, 8.320500607481264e+06, 3.281156397848822e+06, 1.622285959096257e+03, 2.262866454336143e-01, 1.793285480440632e+00
97, 5.600000150000000e-04, -4.173159738460802e-03, 7.176994608502986e+00, -5.755241439463850e+00, -5.471553864947595e+02, 8.447170413164899e+06, 3.370524501765932e+06, 1.636007212155596e+03, 9.402657793283983e-02, 1.843685172473827e+00
98, 5.999999800000000e-05, -1.375329724321098e-03, 6.982660817294625e+00, -9.839573283213056e+01, 3.745104806147853e+02, 8.215712872570206e+06, 3.281990516244014e+06, 1.637369590611231e+03, 6.836209145744290e-02, 1.793755886641438e+00
99, 0.000000000000000e+00, 0.000000000000000e+00, 6.755274647170327e+00, 7.407227379828450e+00, 1.076286598855319e+03, 7.969703669397926e+06, 3.153583892297060e+06, 1.626266527580318e+03, 1.970836061236999e-01, 1.721340181056465e+00
100, 5.999999800000000e-05, 1.375329724321098e-03, 6.643583250264678e+00, 2.168791716847374e+02, 1.732397911556045e+03, 7.879386108400962e+06, 3.059989533243454e+06, 1.604530233675839e+03, 3.272648299288372e-01, 1.668557066437393e+00
101, 5.600000150000000e-04, 4.173159738460802e-03, 6.263116136984861e+00, 6.238001255934146e+02, 2.451583166760778e+03, 7.512319336184358e+06, 2.800576211038129e+06, 1.557712395671990e+03, 5.104888096903938e-01, 1.522259327362803e+00
102, 1.560000004000000e-03, 6.917517506923035e-03, 5.506690056292097e+00, 1.237057643178215e+03, 2.805922236328058e+03, 6.720634955358622e+06, 2.346723548698364e+06, 1.484573293964198e+03, 7.209492980074208e-01, 1.266306326149020e+00
103, 3.049999941000000e-03, 9.605565346412577e-03, 4.768888827438566e+00, 1.745271723370263e+03, 2.744949194512509e+03, 5.925877634700380e+06, 1.926611648257071e+06, 1.407366887500746e+03, 9.069594956797097e-01, 1.029381635194852e+00
104, 5.040000193000000e-03, 1.226032473458219e-02, 4.137539836542743e+00, 2.070190853637026e+03, 2.477772796776767e+03, 5.226307223743797e+06, 1.586597918873412e+06, 1.335841826034827e+03, 1.065051194445295e+00, 8.376288006053575e-01
105, 7.519999985000000e-03, 1.486756313872443e-02, 3.606344058076047e+00, 2.235042535381481e+03, 2.143286448623479e+03, 4.621445892167416e+06, 1.316788168166379e+06, 1.271976545605930e+03, 1.200972842357319e+00, 6.854679317141469e-01
106, 1.049000024800000e-02, 1.742916196961543e-02, 3.180162038047822e+00, 2.300402681526207e+03, 1.827678437791279e+03, 4.128115197636632e+06, 1.108364246879891e+06, 1.214125566298340e+03, 1.322611773366990e+00, 5.679259789953915e-01
107, 1.394999958600000e-02, 1.994492353858276e-02, 2.828551015027456e+00, 2.299499789097141e+03, 1.548452820534949e+03, 3.714950312128167e+06, 9.425636987978135e+05, 1.160852494580272e+03, 1.434934278681928e+00, 4.744217398316951e-01
108, 1.789999939500000e-02, 2.241364555514381e-02, 2.526729400077427e+00, 2.248218482129347e+03, 1.307156680506960e+03, 3.354185855191995e+06, 8.063463460852430e+05, 1.111714407274596e+03, 1.539820691786114e+00, 3.976011257045537e-01
109, 2.232000045500000e-02, 2.482329437156798e-02, 2.270702041291440e+00, 2.171878891145756e+03, 1.106176080357461e+03, 3.044429984731882e+06, 6.945255854665013e+05, 1.065512242855663e+03, 1.640325316281861e+00, 3.345391197865434e-01
110, 2.723000012300000e-02, 2.718419978786347e-02, 2.051069426392116e+00, 2.081286596635344e+03, 9.368693677174900e+02, 2.775202553316087e+06, 6.021042515039810e+05, 1.022637414995953e+03, 1.735829494636385e+00, 2.824175398845193e-01
111, 3.260000050100000e-02, 2.948109446637338e-02, 1.862921099871579e+00, 1.984145448433581e+03, 7.971090458084733e+02, 2.541689675409589e+06, 5.258106379471219e+05, 9.832529361331925e+02, 1.825943925707881e+00, 2.393912871296025e-01
112, 3.844000026600000e-02, 3.171811260404538e-02, 1.701539198218359e+00, 1.886013623580640e+03, 6.800617258470314e+02, 2.338732782087880e+06, 4.630348417001029e+05, 9.479862938751720e+02, 1.908955817655411e+00, 2.039884906137129e-01
113, 4.473999887700000e-02, 3.389028465845557e-02, 1.562458013771548e+00, 1.789090638754513e+03, 5.823298844869104e+02, 2.161344057436871e+06, 4.114114107060893e+05, 9.172723920396003e+02, 1.983318261917127e+00, 1.748751390961697e-01
114, 5.149000138000000e-02, 3.599337852580232e-02, 1.445906834356503e+00, 1.702321539821294e+03, 5.012158762297079e+02, 2.011737025075143e+06, 3.691043688346177e+05, 8.892814238777879e+02, 2.052983986809392e+00, 1.510158225425217e-01
115, 5.869000032500000e-02, 3.802635805630503e-02, 1.342547499294550e+00, 1.619033002196817e+03, 4.326372922655102e+02, 1.877874507996690e+06, 3.327746037607438e+05, 8.634771716769698e+02, 2.118989784588761e+00, 1.305274280135315e-01
116, 6.633000075800000e-02, 3.998513962421356e-02, 1.249200208074510e+00, 1.537680421924083e+03, 3.734124287239445e+02, 1.755587788121239e+06, 3.013549511707786e+05, 8.403817810362375e+02, 2.179661747354441e+00, 1.128081216288625e-01
117, 7.440000027400000e-02, 4.186607976498817e-02, 1.168696413898147e+00, 1.465946032248324e+03, 3.237897994020686e+02, 1.650061208676974e+06, 2.743233592337706e+05, 8.176951544359217e+02, 2.240861636445293e+00, 9.756348904657330e-02
118, 8.290000259900000e-02, 4.366791468532204e-02, 1.092462877562644e+00, 1.392367236993556e+03, 2.789979790879459e+02, 1.548591808185148e+06, 2.502660289824176e+05, 7.980416531417000e+02, 2.295269269788456e+00, 8.399620964078400e-02
119, 9.181000292300000e-02, 4.538527151431038e-02, 1.027131692843992e+00, 1.329467449474990e+03, 2.424069728537578e+02, 1.462059939388514e+06, 2.292230625667519e+05, 7.774322029726454e+02, 2.353820076529741e+00, 7.212889926573018e-02
120, 1.011300012470000e-01, 4.701715290498424e-02, 9.651858387204729e-01, 1.265876312770311e+03, 2.087965414458954e+02, 1.378831955938749e+06, 2.104505225829515e+05, 7.595728141681049e+02, 2.405888775092187e+00, 6.154200984551918e-02
121, 1.108499988910000e-01, 4.856066993422563e-02, 9.096035541458267e-01, 1.207283880607969e+03, 1.802350803510301e+02, 1.303842644451478e+06, 1.939176139528462e+05, 7.426692722199621e+02, 2.456389256845915e+00, 5.221817430635294e-02
122, 1.209499984980000e-01, 5.001187382363489e-02, 8.629066493211023e-01, 1.158570084797861e+03, 1.563369298125994e+02, 1.241172403692229e+06, 1.796963701225350e+05, 7.254472423760936e+02, 2.509141368718487e+00, 4.419801635333830e-02
123, 1.314399987460000e-01, 5.137133628795417e-02, 8.154169021081524e-01, 1.104467544797981e+03, 1.333456164563738e+02, 1.175878067969257e+06, 1.667937199198299e+05, 7.125745883771037e+02, 2.549480097114761e+00, 3.692148738913955e-02
124, 1.422899961470000e-01, 5.263443049277360e-02, 7.784785013614628e-01, 1.065161391917757e+03, 1.158474060168870e+02, 1.126271639741198e+06, 1.555770912340452e+05, 6.961925462133669e+02, 2.602008961995980e+00, 3.059580063250233e-02
125, 1.534900069240000e-01, 5.379977779145956e-02, 7.376878068398053e-01, 1.016407499906887e+03, 9.751389626873456e+01, 1.069534003785898e+06, 1.451484534217365e+05, 6.854411175782388e+02, 2.637247626567738e+00, 2.471450617700412e-02
126, 1.650400012730000e-01, 5.486709202536137e-02, 7.073441468157300e-01, 9.830339027091011e+02, 8.417184881209248e+01, 1.028540375058769e+06, 1.361779768117560e+05, 6.706662606704137e+02, 2.686716725276500e+00, 1.965555070276327e-02
127, 1.769299954180000e-01, 5.583513598033686e-02, 6.732123025674412e-01, 9.410909502448638e+02, 6.971315206661798e+01, 9.807662076024509e+05, 1.277503848212410e+05, 6.610594507980917e+02, 2.719560747578582e+00, 1.490275834971823e-02
128, 1.891400069000000e-01, 5.670228146432130e-02, 6.467458534788411e-01, 9.108485253176909e+02, 5.911073041282904e+01, 9.446979101791631e+05, 1.202388220294545e+05, 6.476515439328066e+02, 2.766340031495582e+00, 1.066656629908261e-02
129, 2.016600072380000e-01, 5.746811193675738e-02, 6.169059287324585e-01, 8.733822773554310e+02, 4.773472863098029e+01, 9.027416744426673e+05, 1.130604065211719e+05, 6.384427270293536e+02, 2.799131508735497e+00, 6.618254708637365e-03
130, 2.144699990750000e-01, 5.813197420944613e-02, 5.932252615525635e-01, 8.453074545365954e+02, 3.909994977773186e+01, 8.701616950226916e+05, 1.066476160000574e+05, 6.262703636194619e+02, 2.843343888574060e+00, 3.001722040143730e-03
131, 2.275699973110000e-01, 5.869456802648413e-02, 5.675149580756587e-01, 8.124298488132508e+02, 3.007829612584859e+01, 8.338580265310578e+05, 1.006164996119912e+05, 6.176212598459941e+02, 2.875385175279375e+00, -3.995631528018272e-04
132, 2.409400045870000e-01, 5.915585896897953e-02, 5.468587921340932e-01, 7.872016397097091e+02, 2.305750103169368e+01, 8.052080388104399e+05, 9.525388450250342e+04, 6.067891993456133e+02, 2.916280155254508e+00, -3.423842936799734e-03
133, 2.545700073240000e-01, 5.951657836311273e-02, 5.250810037871386e-01, 7.589872450136620e+02, 1.594979265344616e+01, 7.743696742480020e+05, 9.023277400065292e+04, 5.986436049229748e+02, 2.947616816194216e+00, -6.255529096244522e-03
134, 2.684499919410000e-01, 5.977765596976551e-02, 5.067432633285383e-01, 7.358637178735919e+02, 1.022164204115047e+01, 7.486889279770243e+05, 8.571845493779077e+04, 5.892732079293696e+02, 2.984311195035033e+00, -8.801407105683542e-03
135, 2.825500071050000e-01, 5.994005483718394e-02, 4.887013479889998e-01, 7.124563883492436e+02, 4.715213256736844e+00, 7.231716751270574e+05, 8.152774990622340e+04, 5.811553828060373e+02, 3.016680261130299e+00, -1.116478099116794e-02
136, 2.968699932100000e-01, 6.000550062925582e-02, 4.716491618738040e-01, 6.900864575087483e+02, -1.037782416214146e-01, 6.989707968052786e+05, 7.765036648874535e+04, 5.735282150075343e+02, 3.047601673586978e+00, -1.335145522470391e-02
137, 3.113999962810000e-01, 5.997565198183213e-02, 4.569651325617891e-01, 6.712150557421342e+02, -4.258234053406722e+00, 6.783097461608271e+05, 7.413258056821174e+04, 5.651404587798708e+02, 3.082196478938335e+00, -1.533533223744712e-02
138, 3.261100053790000e-01, 5.985254444802346e-02, 4.412516491626601e-01, 6.499744015416978e+02, -8.370212418902035e+00, 6.557755401782221e+05, 7.079284319925467e+04, 5.588990335892717e+02, 3.108353437662669e+00, -1.721879767410121e-02
139, 3.409900069240000e-01, 5.963847719943702e-02, 4.286053525080433e-01, 6.336281792206715e+02, -1.157652952308735e+01, 6.379657943008908e+05, 6.777909884724834e+04, 5.508946381532608e+02, 3.142434593128584e+00, -1.891841734320351e-02
140, 3.560400009160000e-01, 5.933561549045978e-02, 4.148265707218085e-01, 6.147905794517710e+02, -1.491182185284034e+01, 6.181378547547156e+05, 6.491878945678822e+04, 5.451728153583425e+02, 3.167177541826858e+00, -2.053150642174716e-02
141, 3.712300062180000e-01, 5.894684318665333e-02, 4.037324865244306e-01, 6.002375564261685e+02, -1.752537130365282e+01, 6.024416729263482e+05, 6.234736644190260e+04, 5.379659178293823e+02, 3.198808777428171e+00, -2.198167625143839e-02
142, 3.865399956700000e-01, 5.847520956655861e-02, 3.917187165554755e-01, 5.836674787794755e+02, -2.019638178028655e+01, 5.851072884627723e+05, 5.989978399684851e+04, 5.326982606017405e+02, 3.222267054463613e+00, -2.336200542985527e-02
143, 4.019699990750000e-01, 5.792324246601335e-02, 3.818633781259018e-01, 5.705486826111270e+02, -2.231714708811134e+01, 5.710952738551054e+05, 5.768392207138420e+04, 5.262318336505177e+02, 3.251466434212895e+00, -2.461165439561006e-02
144, 4.174999892710000e-01, 5.729416860686566e-02, 3.713678715952315e-01, 5.559643225373133e+02, -2.445379558181278e+01, 5.559163915211597e+05, 5.558082217084465e+04, 5.213759370749497e+02, 3.273693015434193e+00, -2.579771052365041e-02
145, 4.331099987030000e-01, 5.659141825851464e-02, 3.627108059961746e-01, 5.443233253855902e+02, -2.618172785266131e+01, 5.435675492319181e+05, 5.367487306644910e+04, 5.155144900986086e+02, 3.300874192640058e+00, -2.687258224725299e-02
146, 4.487800002100000e-01, 5.581859897363720e-02, 3.533629270065343e-01, 5.311811190331476e+02, -2.791359508719891e+01, 5.299908714246455e+05, 5.185926095581591e+04, 5.112527829032362e+02, 3.320884610124110e+00, -2.789650786743314e-02
147, 4.645099937920000e-01, 5.497835513414191e-02, 3.459533848704501e-01, 5.212029353055451e+02, -2.928542005539969e+01, 5.194221837031903e+05, 5.022733897599301e+04, 5.057698436828668e+02, 3.346943915506262e+00, -2.881684030820599e-02
148, 4.802699983120000e-01, 5.407492053959814e-02, 3.376628441461790e-01, 5.094462021795815e+02, -3.073737771358487e+01, 5.073446145389284e+05, 4.865363964976592e+04, 5.019522500213383e+02, 3.365302067742918e+00, -2.970433772527389e-02
149, 4.960500001910000e-01, 5.311153541819326e-02, 3.307648857171076e-01, 4.999415700217885e+02, -3.183369544154282e+01, 4.974158731515564e+05, 4.722414902238485e+04, 4.973648481505458e+02, 3.387599830549894e+00, -3.051050775939666e-02
150, 5.118399858470000e-01, 5.209138375948307e-02, 3.240812339223278e-01, 4.906277106441667e+02, -3.295270230677513e+01, 4.877552847339657e+05, 4.587938469402558e+04, 4.931670431882450e+02, 3.408236171603570e+00, -3.126889587591523e-02
151, 5.276100039480000e-01, 5.101897737545535e-02, 3.172736362128471e-01, 4.809163986889593e+02, -3.394164669644945e+01, 4.778170965803290e+05, 4.460812961938889e+04, 4.897905181224023e+02, 3.424999551980082e+00, -3.198582799653794e-02
152, 5.433599948880000e-01, 4.989683951066199e-02, 3.119240141848793e-01, 4.736333526104655e+02, -3.475199839839958e+01, 4.701615985424826e+05, 4.345489868440862e+04, 4.853111572387900e+02, 3.447469139519949e+00, -3.263619967746863e-02
153, 5.590599775310000e-01, 4.872955796694115e-02, 3.056112515060935e-01, 4.644918038659804e+02, -3.564595237510102e+01, 4.608911141727418e+05, 4.233073901734198e+04, 4.825217080370771e+02, 3.461597260272367e+00, -3.327017643800108e-02
154, 5.747100114820000e-01, 4.751950934859488e-02, 3.008173867101264e-01, 4.579194091020394e+02, -3.629404930266334e+01, 4.540125939054013e+05, 4.131564434934330e+04, 4.784559298898648e+02, 3.482379820841446e+00, -3.384264532129665e-02
155, 5.902799963950000e-01, 4.627132533375768e-02, 2.951084575868648e-01, 4.496272434254297e+02, -3.700617583412463e+01, 4.456188488807617e+05, 4.030902247655688e+04, 4.758290528732171e+02, 3.495929190953679e+00, -3.441033591960418e-02
156, 6.057599782940000e-01, 4.498807223669178e-02, 2.906959121153582e-01, 4.435355305668331e+02, -3.753354855345135e+01, 4.392701069681337e+05, 3.939203290570370e+04, 4.720628399051234e+02, 3.515525237117677e+00, -3.492747782978186e-02
157, 6.211299896240000e-01, 4.367359094194759e-02, 2.854969335032040e-01, 4.359606933718511e+02, -3.811923734385145e+01, 4.316170605529665e+05, 3.848440077869964e+04, 4.695843625245282e+02, 3.528532055617241e+00, -3.543934255193000e-02
158, 6.363800168040000e-01, 4.233084266562091e-02, 2.814300454131708e-01, 4.303074408137321e+02, -3.855871316962008e+01, 4.257498344988233e+05, 3.765505737424531e+04, 4.661043952102250e+02, 3.546945922976664e+00, -3.590705586733198e-02
159, 6.514999866490000e-01, 4.096270419333766e-02, 2.766937260111608e-01, 4.233865511540750e+02, -3.904699851973965e+01, 4.187701397740094e+05, 3.683589185464377e+04, 4.637695418642404e+02, 3.559401109176112e+00, -3.636902930195270e-02
160, 6.664699912070000e-01, 3.957289370556494e-02, 2.729444918615302e-01, 4.181411968784381e+02, -3.941710498107621e+01, 4.133474741342570e+05, 3.608503952708824e+04, 4.605567970823168e+02, 3.576673556730872e+00, -3.679247709162837e-02
161, 6.812700033190000e-01, 3.816515293304169e-02, 2.686290701414691e-01, 4.118191238654876e+02, -3.982749035426179e+01, 4.069819499597699e+05, 3.534475682014025e+04, 4.583553812606913e+02, 3.588599870485987e+00, -3.720996407873378e-02
162, 6.958900094030001e-01, 3.674225211597043e-02, 2.651608783283145e-01, 4.069365281466563e+02, -4.014242241232211e+01, 4.019533389917586e+05, 3.466261622049845e+04, 4.553886845616087e+02, 3.604791008166434e+00, -3.759466146670985e-02
163, 7.103199958800001e-01, 3.530689307158652e-02, 2.612282075919337e-01, 4.011649422344407e+02, -4.049163921664725e+01, 3.961489155411032e+05, 3.399147356821592e+04, 4.532943092894918e+02, 3.616304614003621e+00, -3.797315649460878e-02
164, 7.245299816130000e-01, 3.386376679305321e-02, 2.579847246271914e-01, 3.965627191769560e+02, -4.076217232628069e+01, 3.914310613742726e+05, 3.336858357545301e+04, 4.505822978737744e+02, 3.631317494875417e+00, -3.832443913830151e-02
165, 7.385200262070000e-01, 3.241453277608040e-02, 2.544414696302584e-01, 3.913703567571172e+02, -4.106488006142952e+01, 3.862060282301342e+05, 3.275926549535369e+04, 4.485146216762977e+02, 3.642843301605412e+00, -3.866806781834765e-02
166, 7.522799968720000e-01, 3.096181144522562e-02, 2.513152282181481e-01, 3.868739363201987e+02, -4.130126245876731e+01, 3.816325843520737e+05, 3.218501597855228e+04, 4.461339456569420e+02, 3.656200485193235e+00, -3.899191936636579e-02
167, 7.657799720760000e-01, 2.951033727360171e-02, 2.482007212588069e-01, 3.823453615364208e+02, -4.156178755221477e+01, 3.770566715310969e+05, 3.163255754203966e+04, 4.439781659633430e+02, 3.668376842599691e+00, -3.930348170058742e-02
168, 7.790099978450000e-01, 2.806276676215449e-02, 2.451447245466468e-01, 3.778816734437772e+02, -4.178517587238385e+01, 3.725570262754239e+05, 3.110017496118225e+04, 4.419474432716929e+02, 3.679918130157224e+00, -3.960372213249742e-02
169, 7.919700145720000e-01, 2.662062628442961e-02, 2.423116158460981e-01, 3.737753559269582e+02, -4.198948096204590e+01, 3.684000828261344e+05, 3.059209964463992e+04, 4.398103008424400e+02, 3.692139816994032e+00, -3.989025433314870e-02
170, 8.046399950980000e-01, 2.518763605296113e-02, 2.395561203957176e-01, 3.697581775173389e+02, -4.221443949987169e+01, 3.643486663553788e+05, 3.010629589767635e+04, 4.378046802394722e+02, 3.703680700619900e+00, -4.016422634511222e-02
171, 8.170099854470000e-01, 2.376642068849115e-02, 2.367738764863701e-01, 3.656638317486514e+02, -4.240146483606430e+01, 3.602397026260288e+05, 2.963399523747169e+04, 4.360002793555291e+02, 3.714123404268173e+00, -4.043058320822154e-02
172, 8.290500044819999e-01, 2.236196298315981e-02, 2.342776669006495e-01, 3.620461339091494e+02, -4.257820502027093e+01, 3.565787580227086e+05, 2.918466179276958e+04, 4.339644158664946e+02, 3.725974310995448e+00, -4.068398756884448e-02
173, 8.407700061800000e-01, 2.097463226217677e-02, 2.316993222778247e-01, 3.582408653709221e+02, -4.276300600924411e+01, 3.527677770034121e+05, 2.875012069452625e+04, 4.322602039591933e+02, 3.735951215088659e+00, -4.092904969467345e-02
174, 8.521599769590000e-01, 1.960709133914372e-02, 2.293543723227669e-01, 3.548237711851725e+02, -4.292644014030436e+01, 3.493213465962739e+05, 2.833533817977438e+04, 4.303796438312636e+02, 3.747020983334362e+00, -4.116296884577950e-02
175, 8.631799817090000e-01, 1.826569132102762e-02, 2.269676859363643e-01, 3.512972930691272e+02, -4.309134372748583e+01, 3.457925401245567e+05, 2.793420846631672e+04, 4.287485707972376e+02, 3.756674072339876e+00, -4.138918841559807e-02
176, 8.738499879840000e-01, 1.694956337677533e-02, 2.247533085318440e-01, 3.480531712408621e+02, -4.323638192046807e+01, 3.425308044602756e+05, 2.754973319225883e+04, 4.270135428083291e+02, 3.766995859157194e+00, -4.160601561185221e-02
177, 8.841500282290000e-01, 1.566269158090452e-02, 2.225707633464333e-01, 3.448309625939415e+02, -4.338537344496149e+01, 3.393057976356891e+05, 2.718094409892149e+04, 4.254286830889054e+02, 3.776472921412340e+00, -4.181399648998119e-02
178, 8.940600156780000e-01, 1.440916392228702e-02, 2.204907231847746e-01, 3.417650366992658e+02, -4.351805669767105e+01, 3.362343469567326e+05, 2.682738452131926e+04, 4.238560216876838e+02, 3.785923385142039e+00, -4.201338858901316e-02
179, 9.035800099370001e-01, 1.319055953446835e-02, 2.185098371798075e-01, 3.388427979703613e+02, -4.365059453769691e+01, 3.333089569965230e+05, 2.649103224041068e+04, 4.223361271343553e+02, 3.795101033765452e+00, -4.220307652720839e-02
180, 9.126999974250000e-01, 1.200973104171110e-02, 2.166047920476060e-01, 3.360251755319133e+02, -4.377626758259141e+01, 3.304926174651219e+05, 2.617050979893212e+04, 4.208956793210033e+02, 3.803839481083108e+00, -4.238383713006543e-02
181, 9.214000105860000e-01, 1.087086069705918e-02, 2.147892948420344e-01, 3.333395924661705e+02, -4.389207601881778e+01, 3.278085945376653e+05, 2.586512098331680e+04, 4.195002531511217e+02, 3.812342738056033e+00, -4.255606303150864e-02
182, 9.296900033950000e-01, 9.774221272349531e-03, 2.130689739074742e-01, 3.307927092348377e+02, -4.400349892501296e+01, 3.252647641203972e+05, 2.557625747054482e+04, 4.181644667087907e+02, 3.820517831839478e+00, -4.271896938674292e-02
183, 9.375399947170000e-01, 8.725349486403867e-03, 2.114402032545383e-01, 3.283785429293274e+02, -4.410920051979443e+01, 3.228553578419398e+05, 2.530371757990176e+04, 4.168954059609118e+02, 3.828316769413535e+00, -4.287266993484799e-02
184, 9.449599981310000e-01, 7.724467125531491e-03, 2.099028751292197e-01, 3.260984971723733e+02, -4.420802489413453e+01, 3.205807977714530e+05, 2.504690132290021e+04, 4.156865405249686e+02, 3.835775186516621e+00, -4.301750304302270e-02
185, 9.519400000570000e-01, 6.774428848839826e-03, 2.084537835928059e-01, 3.239465614122394e+02, -4.430025988182373e+01, 3.184357462875811e+05, 2.480586743753546e+04, 4.145481501310445e+02, 3.842825211506774e+00, -4.315343558561324e-02
186, 9.584699869160000e-01, 5.878077433056352e-03, 2.070996586067557e-01, 3.219354974719550e+02, -4.438492995352944e+01, 3.164313197216771e+05, 2.458058135433721e+04, 4.134691511519529e+02, 3.849531249569295e+00, -4.328048705828505e-02
187, 9.645400047300000e-01, 5.038225493362627e-03, 2.058316395896129e-01, 3.200487205774165e+02, -4.446381080745456e+01, 3.145529162947671e+05, 2.437105493843206e+04, 4.124701650672990e+02, 3.855760806877719e+00, -4.339865076962699e-02
188, 9.701499938960000e-01, 4.256268552403566e-03, 2.046656344481177e-01, 3.183152232261176e+02, -4.453438706550058e+01, 3.128263326062544e+05, 2.417768548960077e+04, 4.115287140034036e+02, 3.861650001152096e+00, -4.350770265998336e-02
189, 9.752799868580000e-01, 3.536324145770189e-03, 2.035872044090705e-01, 3.167079057669902e+02, -4.460026741951711e+01, 3.112278182026694e+05, 2.400044887510436e+04, 4.106759124869295e+02, 3.867000170685686e+00, -4.360765633916079e-02
190, 9.799500107769999e-01, 2.876826092032643e-03, 2.026082349974371e-01, 3.152490487251516e+02, -4.465682544515010e+01, 3.097767411619783e+05, 2.383954705446852e+04, 4.098937079082584e+02, 3.871920472763378e+00, -4.369839791084220e-02
191, 9.841300249100000e-01, 2.283176811071472e-03, 2.017417791005535e-01, 3.139614513668561e+02, -4.471084377234565e+01, 3.084943776981382e+05, 2.369519770275251e+04, 4.091615691754595e+02, 3.876537204233123e+00, -4.377980461583871e-02
192, 9.878399968150000e-01, 1.753609743384430e-03, 2.009259233999101e-01, 3.127339870621358e+02, -4.475234836296423e+01, 3.072796926075639e+05, 2.356648879351224e+04, 4.085914302610660e+02, 3.880140033057266e+00, -4.385239079707464e-02
193, 9.910500049590000e-01, 1.293363843462116e-03, 2.002967009917649e-01, 3.118093176084350e+02, -4.479672157201501e+01, 3.063535017949644e+05, 2.345659670504454e+04, 4.079637263901057e+02, 3.884114385265179e+00, -4.391436511646708e-02
194, 9.937800168990000e-01, 9.004365425509819e-04, 1.997373114696422e-01, 3.109744215283149e+02, -4.483698636613031e+01, 3.055244841625702e+05, 2.336451987523811e+04, 4.075003691251030e+02, 3.887053410765956e+00, -4.396629241113075e-02
195, 9.960200190539999e-01, 5.769983605901485e-04, 1.988960705194337e-01, 3.096151440522000e+02, -4.475515403713564e+01, 3.042225338020147e+05, 2.328127627011924e+04, 4.077659208627934e+02, 3.885368501522152e+00, -4.401323815438626e-02
196, 9.977599978450000e-01, 3.251111630156300e-04, 1.998277588341201e-01, 3.115149872987068e+02, -4.516723359648867e+01, 3.058607178822267e+05, 2.317721759202713e+04, 4.040506648781346e+02, 3.909075650531733e+00, -4.407192268610787e-02
197, 9.990000128750000e-01, 1.452537504052920e-04, 1.978846339611140e-01, 3.075158175984212e+02, -4.470646357952539e+01, 3.024537739902843e+05, 2.338459767218065e+04, 4.116690107109926e+02, 3.860771257079769e+00, -4.395496941401818e-02
198, 9.997500181200000e-01, 3.632896519016437e-05, 1.933752228025044e-01, 2.941173905131339e+02, -3.929188556248824e+01, 2.924846204889060e+05, 2.592851893852932e+04, 4.670971617637622e+02, 3.541674628626458e+00, -4.252030936461638e-02
199, 1.000000000000000e+00, 0.000000000000000e+00, 4.669515668890949e-01, 6.953845409944087e+02, 7.306764771756936e+01, 6.987758384572574e+05, 7.011022810663765e+04, 5.230460038478539e+02, 3.266019280379424e+00, -1.760376265530992e-02
